{"Train_loss": 0.21548601984977722, "Val_loss": 0.17367015779018402, "Train_mae": 0.3597289025783539, "Val_mae": 0.32523414492607117, "Train_pcc": 0.9279361109394964, "Val_pcc": 0.9423132999259685, "Epoch": 6, "_timestamp": 1749620863.7705188, "_runtime": 133.1803686618805, "_step": 8, "Best_Test_loss": 0.3521178066730499, "Best_Test_mae": 0.4173542559146881, "Best_Test_pcc": 0.8864891986181286, "Best_Epoch": 5, "Best_Val_loss": 0.17367014288902283, "_wandb": {"runtime": 130}}