{"Train_loss": 0.21715456247329712, "Val_loss": 0.34275856614112854, "Train_mae": 0.3536399006843567, "Val_mae": 0.4548855721950531, "Train_pcc": 0.9231094718699703, "Val_pcc": 0.9404276008900713, "Epoch": 3, "_timestamp": 1749605780.844986, "_runtime": 70.75312900543213, "_step": 5, "Best_Test_loss": 0.2186015248298645, "Best_Test_mae": 0.35369014739990234, "Best_Test_pcc": 0.924456782654248, "Best_Epoch": 0, "Best_Val_loss": 0.3357722759246826, "_wandb": {"runtime": 69}}