{"Train_loss": 0.23561780154705048, "Val_loss": 0.2263123095035553, "Train_mae": 0.3738972544670105, "Val_mae": 0.36447304487228394, "Train_pcc": 0.9215786217810966, "Val_pcc": 0.922251567018214, "Epoch": 3, "_timestamp": 1749618064.227146, "_runtime": 72.92739796638489, "_step": 5, "Best_Test_loss": 0.18507786095142365, "Best_Test_mae": 0.33974263072013855, "Best_Test_pcc": 0.9386655121977696, "Best_Epoch": 0, "Best_Val_loss": 0.22603510320186615, "_wandb": {"runtime": 69}}