{"Train_loss": 0.27377673983573914, "Val_loss": 0.2669740617275238, "Train_mae": 0.3902631998062134, "Val_mae": 0.37943363189697266, "Train_pcc": 0.9099156622463024, "Val_pcc": 0.9103289967844945, "Epoch": 6, "_timestamp": 1749630277.0067437, "_runtime": 138.39312076568604, "_step": 8, "Best_Test_loss": 0.23271498084068298, "Best_Test_mae": 0.3647100627422333, "Best_Test_pcc": 0.926535490251414, "Best_Epoch": 6, "Best_Val_loss": 0.2669740617275238, "_wandb": {"runtime": 135}}