{"Train_loss": 0.23271183669567108, "Val_loss": 0.1862609088420868, "Train_mae": 0.3692450523376465, "Val_mae": 0.3353751599788666, "Train_pcc": 0.9218725042771816, "Val_pcc": 0.9369574785745809, "Epoch": 6, "_timestamp": 1749613801.3932033, "_runtime": 131.9616503715515, "_step": 8, "Best_Test_loss": 0.20718008279800415, "Best_Test_mae": 0.351225882768631, "Best_Test_pcc": 0.9342119882598555, "Best_Epoch": 6, "Best_Val_loss": 0.1862609088420868, "_wandb": {"runtime": 129}}