{"Train_loss": 0.2153720110654831, "Val_loss": 0.33113032579421997, "Train_mae": 0.35650333762168884, "Val_mae": 0.4504673182964325, "Train_pcc": 0.9238534518225799, "Val_pcc": 0.9417590472941182, "Epoch": 4, "_timestamp": 1749632602.75853, "_runtime": 101.82191896438599, "_step": 6, "Best_Test_loss": 0.21709215641021729, "Best_Test_mae": 0.3572782576084137, "Best_Test_pcc": 0.9246720218758888, "Best_Epoch": 1, "Best_Val_loss": 0.32928675413131714, "_wandb": {"runtime": 99}}