{"Train_loss": 0.2371988594532013, "Val_loss": 0.15554279088974, "Train_mae": 0.3679378926753998, "Val_mae": 0.3051953911781311, "Train_pcc": 0.9230202514720065, "Val_pcc": 0.9419872465566156, "Epoch": 6, "_timestamp": 1749641911.4994462, "_runtime": 132.20815706253052, "_step": 8, "Best_Test_loss": 0.22527611255645752, "Best_Test_mae": 0.3725345730781555, "Best_Test_pcc": 0.917299230272509, "Best_Epoch": 6, "Best_Val_loss": 0.15554279088974, "_wandb": {"runtime": 129}}