{"Train_loss": 0.2440897524356842, "Val_loss": 0.17285816371440887, "Train_mae": 0.3800733685493469, "Val_mae": 0.32890933752059937, "Train_pcc": 0.9215055092552378, "Val_pcc": 0.94072539445218, "Epoch": 6, "_timestamp": 1749601507.4966035, "_runtime": 133.1367645263672, "_step": 8, "Best_Test_loss": 0.24012905359268188, "Best_Test_mae": 0.3918245732784271, "Best_Test_pcc": 0.9173808848552812, "Best_Epoch": 6, "Best_Val_loss": 0.17285816371440887, "_wandb": {"runtime": 131}}