{"Train_loss": 0.2506465017795563, "Val_loss": 0.1899954229593277, "Train_mae": 0.38622841238975525, "Val_mae": 0.3435749411582947, "Train_pcc": 0.9167549340963079, "Val_pcc": 0.9351954132845466, "Epoch": 6, "_timestamp": 1749608999.7502584, "_runtime": 131.8046314716339, "_step": 8, "Best_Test_loss": 0.17317022383213043, "Best_Test_mae": 0.3294150233268738, "Best_Test_pcc": 0.9416520236080217, "Best_Epoch": 6, "Best_Val_loss": 0.1899954229593277, "_wandb": {"runtime": 130}}