{"Train_loss": 0.21753740310668945, "Val_loss": 0.17612384259700775, "Train_mae": 0.3633370101451874, "Val_mae": 0.3288446068763733, "Train_pcc": 0.9273519258028988, "Val_pcc": 0.9416377209732989, "Epoch": 3, "_timestamp": 1749607245.5441165, "_runtime": 73.1874885559082, "_step": 5, "Best_Test_loss": 0.36139464378356934, "Best_Test_mae": 0.4335455596446991, "Best_Test_pcc": 0.8861294493107821, "Best_Epoch": 0, "Best_Val_loss": 0.1709686517715454, "_wandb": {"runtime": 70}}