{"Train_loss": 9.12346363067627, "Val_loss": 8.992545127868652, "Train_mae": 2.7434918880462646, "Val_mae": 2.616380453109741, "Train_pcc": 0.12110276677490875, "Val_pcc": 0.16383654225544908, "Epoch": 6, "_timestamp": 1749631469.860526, "_runtime": 132.32335114479065, "_step": 8, "Best_Test_loss": 8.344961166381836, "Best_Test_mae": 2.6105949878692627, "Best_Test_pcc": 0.15407091501022027, "Best_Epoch": 6, "Best_Val_loss": 8.992545127868652, "_wandb": {"runtime": 131}}