{"Train_loss": 0.23109455406665802, "Val_loss": 0.2217566967010498, "Train_mae": 0.3625325560569763, "Val_mae": 0.3706647455692291, "Train_pcc": 0.9238655657201377, "Val_pcc": 0.918471497609814, "Epoch": 6, "_timestamp": 1749611011.5621407, "_runtime": 132.05945658683777, "_step": 8, "Best_Test_loss": 0.20780707895755768, "Best_Test_mae": 0.3557843565940857, "Best_Test_pcc": 0.9340311336830549, "Best_Epoch": 5, "Best_Val_loss": 0.2217566967010498, "_wandb": {"runtime": 130}}