{"Train_loss": 0.21668842434883118, "Val_loss": 0.1716780811548233, "Train_mae": 0.3651740849018097, "Val_mae": 0.3289721608161926, "Train_pcc": 0.9274990594066004, "Val_pcc": 0.9428767517710595, "Epoch": 3, "_timestamp": 1749633462.105101, "_runtime": 77.06368613243103, "_step": 5, "Best_Test_loss": 0.3836158514022827, "Best_Test_mae": 0.437666118144989, "Best_Test_pcc": 0.8823332769540069, "Best_Epoch": 0, "Best_Val_loss": 0.1708638072013855, "_wandb": {"runtime": 75}}