{"Train_loss": 0.22303974628448486, "Val_loss": 0.18274015188217163, "Train_mae": 0.3694572448730469, "Val_mae": 0.33793967962265015, "Train_pcc": 0.925337343162127, "Val_pcc": 0.9393161014338661, "Epoch": 6, "_timestamp": 1749620259.6362543, "_runtime": 133.441424369812, "_step": 8, "Best_Test_loss": 0.3568401336669922, "Best_Test_mae": 0.4274815618991852, "Best_Test_pcc": 0.8844015526458038, "Best_Epoch": 6, "Best_Val_loss": 0.18274015188217163, "_wandb": {"runtime": 131}}