{"Train_loss": 0.4658328890800476, "Val_loss": 0.5411985516548157, "Train_mae": 0.5176830291748047, "Val_mae": 0.541698157787323, "Train_pcc": 0.8453346175529415, "Val_pcc": 0.8259116415820854, "Epoch": 6, "_timestamp": 1749638700.066073, "_runtime": 132.7528738975525, "_step": 8, "Best_Test_loss": 0.3647400736808777, "Best_Test_mae": 0.46322375535964966, "Best_Test_pcc": 0.8710125541337992, "Best_Epoch": 6, "Best_Val_loss": 0.5411985516548157, "_wandb": {"runtime": 131}}