{"Train_loss": 0.24005019664764404, "Val_loss": 0.32610899209976196, "Train_mae": 0.37313053011894226, "Val_mae": 0.41167744994163513, "Train_pcc": 0.9206206102344754, "Val_pcc": 0.895817938731355, "Epoch": 6, "_timestamp": 1749638844.8641298, "_runtime": 131.68432688713074, "_step": 8, "Best_Test_loss": 0.18390320241451263, "Best_Test_mae": 0.3278402090072632, "Best_Test_pcc": 0.9359886584110041, "Best_Epoch": 6, "Best_Val_loss": 0.32610899209976196, "_wandb": {"runtime": 129}}