{"Train_loss": 0.2451973706483841, "Val_loss": 0.1884593963623047, "Train_mae": 0.38221651315689087, "Val_mae": 0.3437947630882263, "Train_pcc": 0.9186406673818303, "Val_pcc": 0.9356878700455088, "Epoch": 3, "_timestamp": 1749623197.2203186, "_runtime": 81.5367784500122, "_step": 5, "Best_Test_loss": 0.17425119876861572, "Best_Test_mae": 0.331369549036026, "Best_Test_pcc": 0.941343151466739, "Best_Epoch": 0, "Best_Val_loss": 0.18775366246700287, "_wandb": {"runtime": 79}}