{"Train_loss": 0.2279534637928009, "Val_loss": 0.19329287111759186, "Train_mae": 0.36300480365753174, "Val_mae": 0.3407941162586212, "Train_pcc": 0.9246127576396609, "Val_pcc": 0.9381416396371423, "Epoch": 3, "_timestamp": 1749603333.7192798, "_runtime": 72.05894780158997, "_step": 5, "Best_Test_loss": 0.22295191884040833, "Best_Test_mae": 0.3694421947002411, "Best_Test_pcc": 0.9196336645741375, "Best_Epoch": 0, "Best_Val_loss": 0.1930200457572937, "_wandb": {"runtime": 69}}