{"Train_loss": 0.24282106757164001, "Val_loss": 0.23476830124855042, "Train_mae": 0.3788944184780121, "Val_mae": 0.3705775737762451, "Train_pcc": 0.9192049013805698, "Val_pcc": 0.9191197495356598, "Epoch": 6, "_timestamp": 1749617826.9066594, "_runtime": 136.94386529922485, "_step": 8, "Best_Test_loss": 0.18672233819961548, "Best_Test_mae": 0.34197133779525757, "Best_Test_pcc": 0.9371555656351054, "Best_Epoch": 6, "Best_Val_loss": 0.23476830124855042, "_wandb": {"runtime": 135}}