{"Train_loss": 0.21437662839889526, "Val_loss": 0.33967816829681396, "Train_mae": 0.3450683653354645, "Val_mae": 0.44718921184539795, "Train_pcc": 0.9239590947473503, "Val_pcc": 0.9406626511169813, "Epoch": 6, "_timestamp": 1749645829.4299173, "_runtime": 123.33458828926086, "_step": 8, "Best_Test_loss": 0.21667395532131195, "Best_Test_mae": 0.34216615557670593, "Best_Test_pcc": 0.9248124482254791, "Best_Epoch": 3, "Best_Val_loss": 0.33967751264572144, "_wandb": {"runtime": 122}}