{"Train_loss": 0.22960910201072693, "Val_loss": 0.1936313956975937, "Train_mae": 0.36674943566322327, "Val_mae": 0.3440874516963959, "Train_pcc": 0.924150122303994, "Val_pcc": 0.9383334282755701, "Epoch": 3, "_timestamp": 1749602571.496889, "_runtime": 73.79788613319397, "_step": 5, "Best_Test_loss": 0.22438395023345947, "Best_Test_mae": 0.37132352590560913, "Best_Test_pcc": 0.9187955521515213, "Best_Epoch": 0, "Best_Val_loss": 0.19225242733955383, "_wandb": {"runtime": 71}}