{"Train_loss": 1.703261375427246, "Val_loss": 1.4363898038864136, "Train_mae": 1.047990083694458, "Val_mae": 0.958686351776123, "Train_pcc": 0.5642476947813345, "Val_pcc": 0.5471958887629269, "Epoch": 6, "_timestamp": 1749596490.8316913, "_runtime": 151.41554427146912, "_step": 8, "Best_Test_loss": 1.6018612384796143, "Best_Test_mae": 1.0199204683303833, "Best_Test_pcc": 0.589518156844912, "Best_Epoch": 6, "Best_Val_loss": 1.4363898038864136, "_wandb": {"runtime": 149}}