{"Train_loss": 0.24263854324817657, "Val_loss": 0.217895969748497, "Train_mae": 0.3759859502315521, "Val_mae": 0.3608058989048004, "Train_pcc": 0.9193038403017117, "Val_pcc": 0.9304483534447929, "Epoch": 6, "_timestamp": 1749466996.329895, "_runtime": 41.08050608634949, "_step": 8, "Best_Test_loss": 0.22796468436717987, "Best_Test_mae": 0.36980584263801575, "Best_Test_pcc": 0.9276532479008672, "Best_Epoch": 4, "Best_Val_loss": 0.20918259024620056, "_wandb": {"runtime": 38}}