{"Train_loss": 1.2527261972427368, "Val_loss": 0.9433618187904358, "Train_mae": 0.8398473262786865, "Val_mae": 0.7076060771942139, "Train_pcc": 0.6207844529687829, "Val_pcc": 0.6361199841924011, "Epoch": 6, "_timestamp": 1749614538.8599744, "_runtime": 131.49170637130737, "_step": 8, "Best_Test_loss": 0.9435728788375854, "Best_Test_mae": 0.724224328994751, "Best_Test_pcc": 0.6372301786542617, "Best_Epoch": 6, "Best_Val_loss": 0.9433618187904358, "_wandb": {"runtime": 130}}