{"Train_loss": 0.24579931795597076, "Val_loss": 0.21671552956104279, "Train_mae": 0.37872323393821716, "Val_mae": 0.35979413986206055, "Train_pcc": 0.918268838922552, "Val_pcc": 0.9302255324586787, "Epoch": 4, "_timestamp": 1749466941.7545154, "_runtime": 29.050796508789062, "_step": 6, "Best_Test_loss": 0.2317868322134018, "Best_Test_mae": 0.37296736240386963, "Best_Test_pcc": 0.9275997862246108, "Best_Epoch": 1, "Best_Val_loss": 0.21241052448749542, "_wandb": {"runtime": 27}}