{"Train_loss": 0.26240894198417664, "Val_loss": 0.23404914140701294, "Train_mae": 0.3858335018157959, "Val_mae": 0.36950528621673584, "Train_pcc": 0.9131289068922217, "Val_pcc": 0.9258901688048227, "Epoch": 6, "_timestamp": 1749629036.0617492, "_runtime": 135.50702810287476, "_step": 8, "Best_Test_loss": 0.23972177505493164, "Best_Test_mae": 0.3792194128036499, "Best_Test_pcc": 0.9121895370540398, "Best_Epoch": 6, "Best_Val_loss": 0.23404914140701294, "_wandb": {"runtime": 134}}