{"Train_loss": 0.22456566989421844, "Val_loss": 0.1703025847673416, "Train_mae": 0.3684236705303192, "Val_mae": 0.32351934909820557, "Train_pcc": 0.9248804423825241, "Val_pcc": 0.9422973049554283, "Epoch": 3, "_timestamp": 1749606455.9647894, "_runtime": 72.35555028915405, "_step": 5, "Best_Test_loss": 0.36574676632881165, "Best_Test_mae": 0.426700234413147, "Best_Test_pcc": 0.8848672391746017, "Best_Epoch": 0, "Best_Val_loss": 0.17030146718025208, "_wandb": {"runtime": 71}}