{"Train_loss": 11.436318397521973, "Val_loss": 11.138784408569336, "Train_mae": 3.078552722930908, "Val_mae": 3.0146822929382324, "Train_pcc": -0.043768592218693676, "Val_pcc": -0.08216079395951742, "Epoch": 6, "_timestamp": 1749626347.6188695, "_runtime": 124.27427363395691, "_step": 8, "Best_Test_loss": 10.833620071411133, "Best_Test_mae": 2.970952033996582, "Best_Test_pcc": -0.05692104595111516, "Best_Epoch": 6, "Best_Val_loss": 11.138784408569336, "_wandb": {"runtime": 122}}