{"Train_loss": 0.23985953629016876, "Val_loss": 0.23223403096199036, "Train_mae": 0.3766447603702545, "Val_mae": 0.3665997087955475, "Train_pcc": 0.9200831516745593, "Val_pcc": 0.920179760852023, "Epoch": 6, "_timestamp": 1749604060.9102046, "_runtime": 132.90606260299683, "_step": 8, "Best_Test_loss": 0.18758949637413025, "Best_Test_mae": 0.34209415316581726, "Best_Test_pcc": 0.9378064877506185, "Best_Epoch": 6, "Best_Val_loss": 0.23223403096199036, "_wandb": {"runtime": 131}}