{"Train_loss": 0.2624988555908203, "Val_loss": 0.21360932290554047, "Train_mae": 0.38656678795814514, "Val_mae": 0.351337194442749, "Train_pcc": 0.9153780690977034, "Val_pcc": 0.9302506453875757, "Epoch": 6, "_timestamp": 1749615980.1718066, "_runtime": 134.51619148254395, "_step": 8, "Best_Test_loss": 0.27886900305747986, "Best_Test_mae": 0.4058590531349182, "Best_Test_pcc": 0.9079939812587914, "Best_Epoch": 6, "Best_Val_loss": 0.21360932290554047, "_wandb": {"runtime": 132}}