{"Train_loss": 11.484638214111328, "Val_loss": 11.275410652160645, "Train_mae": 3.1099398136138916, "Val_mae": 3.0532350540161133, "Train_pcc": 0.06788425300064614, "Val_pcc": 0.028037313677405775, "Epoch": 6, "_timestamp": 1749597979.9230433, "_runtime": 135.64360427856445, "_step": 8, "Best_Test_loss": 10.56015682220459, "Best_Test_mae": 2.995392084121704, "Best_Test_pcc": 0.03155941105152631, "Best_Epoch": 6, "Best_Val_loss": 11.275410652160645, "_wandb": {"runtime": 133}}