{"Train_loss": 0.8345388174057007, "Val_loss": 0.9409480690956116, "Train_mae": 0.727212131023407, "Val_mae": 0.7727813720703125, "Train_pcc": 0.7167219762751429, "Val_pcc": 0.6957895718565629, "Epoch": 6, "_timestamp": 1749638264.9864616, "_runtime": 132.04684257507324, "_step": 8, "Best_Test_loss": 0.7141842842102051, "Best_Test_mae": 0.6934373378753662, "Best_Test_pcc": 0.743856946638422, "Best_Epoch": 6, "Best_Val_loss": 0.9409480690956116, "_wandb": {"runtime": 129}}