{"Train_loss": 0.23994693160057068, "Val_loss": 0.1582658588886261, "Train_mae": 0.36845123767852783, "Val_mae": 0.3069397211074829, "Train_pcc": 0.9223259934890382, "Val_pcc": 0.9425564696672926, "Epoch": 5, "_timestamp": 1749628013.7435727, "_runtime": 105.67880773544312, "_step": 7, "Best_Test_loss": 0.2235451638698578, "Best_Test_mae": 0.3704064190387726, "Best_Test_pcc": 0.9185821248885288, "Best_Epoch": 2, "Best_Val_loss": 0.15680240094661713, "_wandb": {"runtime": 103}}