{"Train_loss": 9.041260719299316, "Val_loss": 8.871391296386719, "Train_mae": 2.730797529220581, "Val_mae": 2.5907750129699707, "Train_pcc": 0.15396306289279585, "Val_pcc": 0.19492027524908467, "Epoch": 6, "_timestamp": 1749618352.207166, "_runtime": 134.4947578907013, "_step": 8, "Best_Test_loss": 8.225833892822266, "Best_Test_mae": 2.5896220207214355, "Best_Test_pcc": 0.2098462093891939, "Best_Epoch": 6, "Best_Val_loss": 8.871391296386719, "_wandb": {"runtime": 133}}