{"Train_loss": 0.2344079613685608, "Val_loss": 0.15625855326652527, "Train_mae": 0.36724230647087097, "Val_mae": 0.3096192181110382, "Train_pcc": 0.923983967210488, "Val_pcc": 0.9431982412693996, "Epoch": 3, "_timestamp": 1749642141.3915384, "_runtime": 72.20964527130127, "_step": 5, "Best_Test_loss": 0.22401443123817444, "Best_Test_mae": 0.3757970631122589, "Best_Test_pcc": 0.9185959470596017, "Best_Epoch": 0, "Best_Val_loss": 0.155604749917984, "_wandb": {"runtime": 69}}