{"Train_loss": 0.2613298296928406, "Val_loss": 0.22230274975299835, "Train_mae": 0.3977816700935364, "Val_mae": 0.3680126965045929, "Train_pcc": 0.9132656901501067, "Val_pcc": 0.9308221504437608, "Epoch": 6, "_timestamp": 1749602199.1828833, "_runtime": 128.331707239151, "_step": 8, "Best_Test_loss": 0.23278813064098358, "Best_Test_mae": 0.38151705265045166, "Best_Test_pcc": 0.9126221090919416, "Best_Epoch": 6, "Best_Val_loss": 0.22230274975299835, "_wandb": {"runtime": 125}}