{"Train_loss": 0.21690770983695984, "Val_loss": 0.17273274064064026, "Train_mae": 0.3646557033061981, "Val_mae": 0.32911649346351624, "Train_pcc": 0.9275391356813378, "Val_pcc": 0.9419156305403831, "Epoch": 6, "_timestamp": 1749620547.7617311, "_runtime": 128.43336606025696, "_step": 8, "Best_Test_loss": 0.36098840832710266, "Best_Test_mae": 0.4263981878757477, "Best_Test_pcc": 0.8860795654560735, "Best_Epoch": 4, "Best_Val_loss": 0.17270690202713013, "_wandb": {"runtime": 127}}