{"Train_loss": 0.2164546400308609, "Val_loss": 0.17384327948093414, "Train_mae": 0.36011818051338196, "Val_mae": 0.3245267868041992, "Train_pcc": 0.9275805596254828, "Val_pcc": 0.9416003798181001, "Epoch": 6, "_timestamp": 1749633952.783218, "_runtime": 146.43923902511597, "_step": 8, "Best_Test_loss": 0.37426987290382385, "Best_Test_mae": 0.4294726252555847, "Best_Test_pcc": 0.8827679537359928, "Best_Epoch": 4, "Best_Val_loss": 0.1738356649875641, "_wandb": {"runtime": 144}}