{"Train_loss": 0.23081627488136292, "Val_loss": 0.2232089638710022, "Train_mae": 0.3628893494606018, "Val_mae": 0.3732990622520447, "Train_pcc": 0.9240515607784165, "Val_pcc": 0.9188874015708657, "Epoch": 6, "_timestamp": 1749637969.107726, "_runtime": 129.6337640285492, "_step": 8, "Best_Test_loss": 0.2062595784664154, "Best_Test_mae": 0.35584428906440735, "Best_Test_pcc": 0.9337645211927568, "Best_Epoch": 6, "Best_Val_loss": 0.2232089638710022, "_wandb": {"runtime": 128}}