{"Train_loss": 0.2635611295700073, "Val_loss": 0.2256341129541397, "Train_mae": 0.4015442132949829, "Val_mae": 0.38177230954170227, "Train_pcc": 0.9125907169983924, "Val_pcc": 0.9278635302382349, "Epoch": 6, "_timestamp": 1749626772.869301, "_runtime": 130.02793312072754, "_step": 8, "Best_Test_loss": 0.24284766614437103, "Best_Test_mae": 0.3908371329307556, "Best_Test_pcc": 0.9263946856028931, "Best_Epoch": 6, "Best_Val_loss": 0.2256341129541397, "_wandb": {"runtime": 128}}