{"Train_loss": 0.23621766269207, "Val_loss": 0.37990841269493103, "Train_mae": 0.3710235059261322, "Val_mae": 0.4816904067993164, "Train_pcc": 0.9159210621030405, "Val_pcc": 0.9345721097428054, "Epoch": 6, "_timestamp": 1749644853.9790592, "_runtime": 133.77911829948425, "_step": 8, "Best_Test_loss": 0.23232892155647278, "Best_Test_mae": 0.3599555790424347, "Best_Test_pcc": 0.9194659979726526, "Best_Epoch": 6, "Best_Val_loss": 0.37990841269493103, "_wandb": {"runtime": 131}}