{"Train_loss": 0.2319871187210083, "Val_loss": 0.1954442262649536, "Train_mae": 0.3696697950363159, "Val_mae": 0.3469637334346771, "Train_pcc": 0.9233054060946875, "Val_pcc": 0.9373530394183708, "Epoch": 6, "_timestamp": 1749616126.2002373, "_runtime": 131.41655921936035, "_step": 8, "Best_Test_loss": 0.2277979552745819, "Best_Test_mae": 0.3771234452724457, "Best_Test_pcc": 0.9183987948347798, "Best_Epoch": 6, "Best_Val_loss": 0.1954442262649536, "_wandb": {"runtime": 129}}