{"Train_loss": 8.956048011779785, "Val_loss": 7.64928674697876, "Train_mae": 2.7125515937805176, "Val_mae": 2.5390114784240723, "Train_pcc": 0.20171786603244965, "Val_pcc": 0.29928216596098667, "Epoch": 6, "_timestamp": 1749640891.0788162, "_runtime": 130.03253626823425, "_step": 8, "Best_Test_loss": 7.619350433349609, "Best_Test_mae": 2.525174140930176, "Best_Test_pcc": 0.2843748662071117, "Best_Epoch": 6, "Best_Val_loss": 7.64928674697876, "_wandb": {"runtime": 128}}