{"Train_loss": 0.21059033274650574, "Val_loss": 0.1952495276927948, "Train_mae": 0.35099560022354126, "Val_mae": 0.3418773114681244, "Train_pcc": 0.9259380260141743, "Val_pcc": 0.9284060199159012, "Epoch": 6, "_timestamp": 1749635132.580062, "_runtime": 128.70157980918884, "_step": 8, "Best_Test_loss": 0.32394757866859436, "Best_Test_mae": 0.4396783113479614, "Best_Test_pcc": 0.9411709575021046, "Best_Epoch": 3, "Best_Val_loss": 0.19523873925209045, "_wandb": {"runtime": 126}}