{"Train_loss": 1.9590529203414917, "Val_loss": 1.5368012189865112, "Train_mae": 1.090545892715454, "Val_mae": 0.9279388785362244, "Train_pcc": 0.44852563293266823, "Val_pcc": 0.45684538431571003, "Epoch": 6, "_timestamp": 1749614248.2288513, "_runtime": 137.35801219940186, "_step": 8, "Best_Test_loss": 1.5104814767837524, "Best_Test_mae": 0.9302377700805664, "Best_Test_pcc": 0.46874979182030074, "Best_Epoch": 6, "Best_Val_loss": 1.5368012189865112, "_wandb": {"runtime": 136}}