{"Train_loss": 0.23790103197097778, "Val_loss": 0.3387437164783478, "Train_mae": 0.3791723847389221, "Val_mae": 0.43391916155815125, "Train_pcc": 0.9216392327914746, "Val_pcc": 0.8916485615795521, "Epoch": 6, "_timestamp": 1749612201.2924826, "_runtime": 132.89551258087158, "_step": 8, "Best_Test_loss": 0.18485134840011597, "Best_Test_mae": 0.33663639426231384, "Best_Test_pcc": 0.9360066482824768, "Best_Epoch": 6, "Best_Val_loss": 0.3387437164783478, "_wandb": {"runtime": 131}}