{"Train_loss": 0.23287241160869598, "Val_loss": 0.18970833718776703, "Train_mae": 0.36488085985183716, "Val_mae": 0.33070698380470276, "Train_pcc": 0.9217664178791134, "Val_pcc": 0.9374781932486943, "Epoch": 6, "_timestamp": 1749613657.3574133, "_runtime": 130.85680723190308, "_step": 8, "Best_Test_loss": 0.20868425071239471, "Best_Test_mae": 0.34257984161376953, "Best_Test_pcc": 0.9361229895401387, "Best_Epoch": 6, "Best_Val_loss": 0.18970833718776703, "_wandb": {"runtime": 129}}