{"Train_loss": 0.2312690168619156, "Val_loss": 0.22052495181560516, "Train_mae": 0.3583143949508667, "Val_mae": 0.3661370873451233, "Train_pcc": 0.9237941052250322, "Val_pcc": 0.9188493284048224, "Epoch": 6, "_timestamp": 1749611275.8808942, "_runtime": 129.45649218559265, "_step": 8, "Best_Test_loss": 0.20531056821346283, "Best_Test_mae": 0.35039979219436646, "Best_Test_pcc": 0.9346610623627727, "Best_Epoch": 3, "Best_Val_loss": 0.22051994502544403, "_wandb": {"runtime": 128}}