{"Train_loss": 0.2359621226787567, "Val_loss": 0.21782688796520233, "Train_mae": 0.3590441346168518, "Val_mae": 0.3570449650287628, "Train_pcc": 0.9227306669409566, "Val_pcc": 0.9183487764545761, "Epoch": 5, "_timestamp": 1749610568.0425162, "_runtime": 110.49671530723572, "_step": 7, "Best_Test_loss": 0.2257675677537918, "Best_Test_mae": 0.3611511290073395, "Best_Test_pcc": 0.9336527991923906, "Best_Epoch": 2, "Best_Val_loss": 0.2164425253868103, "_wandb": {"runtime": 109}}