{"Train_loss": 0.20652911067008972, "Val_loss": 0.19604605436325073, "Train_mae": 0.34741848707199097, "Val_mae": 0.3437715172767639, "Train_pcc": 0.9272811413698445, "Val_pcc": 0.9286223950846498, "Epoch": 3, "_timestamp": 1749648067.0892875, "_runtime": 72.69792556762695, "_step": 5, "Best_Test_loss": 0.32336899638175964, "Best_Test_mae": 0.441146582365036, "Best_Test_pcc": 0.9415203572116921, "Best_Epoch": 0, "Best_Val_loss": 0.19370964169502258, "_wandb": {"runtime": 69}}