{"Train_loss": 0.23706796765327454, "Val_loss": 0.22473183274269104, "Train_mae": 0.37379810214042664, "Val_mae": 0.36079949140548706, "Train_pcc": 0.9211775173869968, "Val_pcc": 0.9223220546001126, "Epoch": 4, "_timestamp": 1749604430.7930043, "_runtime": 90.77994227409363, "_step": 6, "Best_Test_loss": 0.18111518025398254, "Best_Test_mae": 0.33380126953125, "Best_Test_pcc": 0.9388870179883817, "Best_Epoch": 1, "Best_Val_loss": 0.22462046146392822, "_wandb": {"runtime": 89}}