{"Train_loss": 0.25541627407073975, "Val_loss": 0.20215624570846558, "Train_mae": 0.3830288052558899, "Val_mae": 0.34532231092453003, "Train_pcc": 0.9151334683834184, "Val_pcc": 0.932718548742803, "Epoch": 6, "_timestamp": 1749635896.2272117, "_runtime": 134.60288882255554, "_step": 8, "Best_Test_loss": 0.18623164296150208, "Best_Test_mae": 0.3334813117980957, "Best_Test_pcc": 0.9394288607492758, "Best_Epoch": 6, "Best_Val_loss": 0.20215624570846558, "_wandb": {"runtime": 132}}