{"Train_loss": 0.2419786900281906, "Val_loss": 0.1536291092634201, "Train_mae": 0.3763306438922882, "Val_mae": 0.30978575348854065, "Train_pcc": 0.9221494225486832, "Val_pcc": 0.9429043052209929, "Epoch": 6, "_timestamp": 1749628582.0134346, "_runtime": 132.326477766037, "_step": 8, "Best_Test_loss": 0.22116594016551971, "Best_Test_mae": 0.37497565150260925, "Best_Test_pcc": 0.9183521088872056, "Best_Epoch": 3, "Best_Val_loss": 0.15356068313121796, "_wandb": {"runtime": 130}}