{"Train_loss": 0.2514583170413971, "Val_loss": 0.19662010669708252, "Train_mae": 0.38936418294906616, "Val_mae": 0.355284720659256, "Train_pcc": 0.9165222085820196, "Val_pcc": 0.9318956254663505, "Epoch": 6, "_timestamp": 1749609640.3228958, "_runtime": 128.99535369873047, "_step": 8, "Best_Test_loss": 0.18262667953968048, "Best_Test_mae": 0.3460008502006531, "Best_Test_pcc": 0.9384321849039616, "Best_Epoch": 6, "Best_Val_loss": 0.19662010669708252, "_wandb": {"runtime": 127}}