{"Train_loss": 11.097731590270996, "Val_loss": 10.209378242492676, "Train_mae": 3.0656211376190186, "Val_mae": 2.9593594074249268, "Train_pcc": 0.06563350227706076, "Val_pcc": 0.1823852892093107, "Epoch": 6, "_timestamp": 1749621011.1264682, "_runtime": 134.92129111289978, "_step": 8, "Best_Test_loss": 11.71798038482666, "Best_Test_mae": 3.0705947875976562, "Best_Test_pcc": 0.13545878654048238, "Best_Epoch": 6, "Best_Val_loss": 10.209378242492676, "_wandb": {"runtime": 132}}