{"Train_loss": 0.22479881346225739, "Val_loss": 0.1829674243927002, "Train_mae": 0.362665593624115, "Val_mae": 0.3341882526874542, "Train_pcc": 0.9245243814472857, "Val_pcc": 0.9385290371284721, "Epoch": 6, "_timestamp": 1749639943.7098632, "_runtime": 129.04219818115234, "_step": 8, "Best_Test_loss": 0.1972963958978653, "Best_Test_mae": 0.34371399879455566, "Best_Test_pcc": 0.9382668719946984, "Best_Epoch": 4, "Best_Val_loss": 0.18296729028224945, "_wandb": {"runtime": 127}}