{"Train_loss": 0.216608926653862, "Val_loss": 0.34934666752815247, "Train_mae": 0.35259824991226196, "Val_mae": 0.4605875015258789, "Train_pcc": 0.9231257918446297, "Val_pcc": 0.9404846093824415, "Epoch": 6, "_timestamp": 1749605935.6548045, "_runtime": 134.20443439483643, "_step": 8, "Best_Test_loss": 0.21759697794914246, "Best_Test_mae": 0.3484746813774109, "Best_Test_pcc": 0.9246005152195083, "Best_Epoch": 6, "Best_Val_loss": 0.34934666752815247, "_wandb": {"runtime": 132}}