{"Train_loss": 0.25052282214164734, "Val_loss": 0.2476777881383896, "Train_mae": 0.38493338227272034, "Val_mae": 0.37989571690559387, "Train_pcc": 0.9174108657102623, "Val_pcc": 0.9160591157278378, "Epoch": 6, "_timestamp": 1749644559.1942928, "_runtime": 133.92059779167175, "_step": 8, "Best_Test_loss": 0.19393792748451233, "Best_Test_mae": 0.34512603282928467, "Best_Test_pcc": 0.9351646388726499, "Best_Epoch": 6, "Best_Val_loss": 0.2476777881383896, "_wandb": {"runtime": 131}}