{"Train_loss": 0.2599259316921234, "Val_loss": 0.2278074324131012, "Train_mae": 0.3982328474521637, "Val_mae": 0.3749019205570221, "Train_pcc": 0.9137996629107419, "Val_pcc": 0.9290996594798961, "Epoch": 6, "_timestamp": 1749642432.8550272, "_runtime": 129.9729232788086, "_step": 8, "Best_Test_loss": 0.22984929382801056, "Best_Test_mae": 0.37908053398132324, "Best_Test_pcc": 0.9130804818829028, "Best_Epoch": 6, "Best_Val_loss": 0.2278074324131012, "_wandb": {"runtime": 128}}