{"Train_loss": 0.2202417254447937, "Val_loss": 0.31913816928863525, "Train_mae": 0.36641576886177063, "Val_mae": 0.4187158942222595, "Train_pcc": 0.9273337603278062, "Val_pcc": 0.8978278055236516, "Epoch": 6, "_timestamp": 1749612347.2637477, "_runtime": 134.2585916519165, "_step": 8, "Best_Test_loss": 0.16868270933628082, "Best_Test_mae": 0.32247957587242126, "Best_Test_pcc": 0.9397204441247581, "Best_Epoch": 6, "Best_Val_loss": 0.31913816928863525, "_wandb": {"runtime": 133}}