{"Train_loss": 0.22493824362754822, "Val_loss": 0.3133906126022339, "Train_mae": 0.3671150803565979, "Val_mae": 0.409669429063797, "Train_pcc": 0.9257113266808874, "Val_pcc": 0.8997037575331145, "Epoch": 6, "_timestamp": 1749611565.499388, "_runtime": 134.31872296333313, "_step": 8, "Best_Test_loss": 0.1699557602405548, "Best_Test_mae": 0.32146063446998596, "Best_Test_pcc": 0.9399040734118027, "Best_Epoch": 6, "Best_Val_loss": 0.3133906126022339, "_wandb": {"runtime": 133}}