{"Train_loss": 0.24601301550865173, "Val_loss": 0.1974630057811737, "Train_mae": 0.3882218897342682, "Val_mae": 0.355698823928833, "Train_pcc": 0.9184356846574413, "Val_pcc": 0.9327866755206876, "Epoch": 6, "_timestamp": 1749623447.1645377, "_runtime": 127.23671960830688, "_step": 8, "Best_Test_loss": 0.1832684427499771, "Best_Test_mae": 0.34449905157089233, "Best_Test_pcc": 0.9386252400803985, "Best_Epoch": 6, "Best_Val_loss": 0.1974630057811737, "_wandb": {"runtime": 124}}