{"Train_loss": 0.23321914672851562, "Val_loss": 0.2069530040025711, "Train_mae": 0.37047383189201355, "Val_mae": 0.35448339581489563, "Train_pcc": 0.9225857635425444, "Val_pcc": 0.9335727306592299, "Epoch": 6, "_timestamp": 1749467193.2485983, "_runtime": 39.53652739524841, "_step": 8, "Best_Test_loss": 0.22143623232841492, "Best_Test_mae": 0.36723828315734863, "Best_Test_pcc": 0.9326730233501319, "Best_Epoch": 3, "Best_Val_loss": 0.20631398260593414, "_wandb": {"runtime": 38}}