{"Train_loss": 1.7097324132919312, "Val_loss": 2.007520914077759, "Train_mae": 1.037541151046753, "Val_mae": 1.1516664028167725, "Train_pcc": 0.48315298170554866, "Val_pcc": 0.503841171556357, "Epoch": 6, "_timestamp": 1749604857.4492874, "_runtime": 134.8322033882141, "_step": 8, "Best_Test_loss": 1.5064053535461426, "Best_Test_mae": 0.9589788317680359, "Best_Test_pcc": 0.4994251519426345, "Best_Epoch": 6, "Best_Val_loss": 2.007520914077759, "_wandb": {"runtime": 132}}