{"Train_loss": 0.2165212631225586, "Val_loss": 0.3120981752872467, "Train_mae": 0.36347439885139465, "Val_mae": 0.41201359033584595, "Train_pcc": 0.9286395365005198, "Val_pcc": 0.900215916052347, "Epoch": 6, "_timestamp": 1749612494.6865401, "_runtime": 135.41654920578003, "_step": 8, "Best_Test_loss": 0.16800957918167114, "Best_Test_mae": 0.323188841342926, "Best_Test_pcc": 0.9410586751476412, "Best_Epoch": 6, "Best_Val_loss": 0.3120981752872467, "_wandb": {"runtime": 133}}