{"Train_loss": 0.2485601007938385, "Val_loss": 0.39845776557922363, "Train_mae": 0.38427358865737915, "Val_mae": 0.5025395154953003, "Train_pcc": 0.9135735093708128, "Val_pcc": 0.9297733561943783, "Epoch": 6, "_timestamp": 1749605460.6479795, "_runtime": 139.4418876171112, "_step": 8, "Best_Test_loss": 0.24280646443367004, "Best_Test_mae": 0.3742101490497589, "Best_Test_pcc": 0.9160356002918782, "Best_Epoch": 6, "Best_Val_loss": 0.39845776557922363, "_wandb": {"runtime": 137}}