{"Train_loss": 0.7162418961524963, "Val_loss": 0.5960655212402344, "Train_mae": 0.6541089415550232, "Val_mae": 0.6079675555229187, "Train_pcc": 0.7484362026981117, "Val_pcc": 0.7785121005880707, "Epoch": 6, "_timestamp": 1749613226.184253, "_runtime": 130.59284806251526, "_step": 8, "Best_Test_loss": 0.6237255334854126, "Best_Test_mae": 0.6247692704200745, "Best_Test_pcc": 0.7767608677794908, "Best_Epoch": 6, "Best_Val_loss": 0.5960655212402344, "_wandb": {"runtime": 129}}