{"Train_loss": 0.22959335148334503, "Val_loss": 0.22573941946029663, "Train_mae": 0.36202046275138855, "Val_mae": 0.37505871057510376, "Train_pcc": 0.9244979682640968, "Val_pcc": 0.9183632042718044, "Epoch": 6, "_timestamp": 1749597444.7531164, "_runtime": 130.43646025657654, "_step": 8, "Best_Test_loss": 0.20867285132408142, "Best_Test_mae": 0.3565466105937958, "Best_Test_pcc": 0.9333133590472943, "Best_Epoch": 6, "Best_Val_loss": 0.22573941946029663, "_wandb": {"runtime": 129}}