{"Train_loss": 0.24208314716815948, "Val_loss": 0.19059491157531738, "Train_mae": 0.3797822594642639, "Val_mae": 0.3465646207332611, "Train_pcc": 0.9195301314652397, "Val_pcc": 0.9350590975046065, "Epoch": 6, "_timestamp": 1749609500.947728, "_runtime": 129.01374983787537, "_step": 8, "Best_Test_loss": 0.17593196034431458, "Best_Test_mae": 0.33430245518684387, "Best_Test_pcc": 0.9406820022504747, "Best_Epoch": 5, "Best_Val_loss": 0.19059491157531738, "_wandb": {"runtime": 127}}