{"Train_loss": 9.134987831115723, "Val_loss": 8.015811920166016, "Train_mae": 2.759523630142212, "Val_mae": 2.585787296295166, "Train_pcc": 0.2409406174598504, "Val_pcc": 0.314540566163102, "Epoch": 6, "_timestamp": 1749603627.3362358, "_runtime": 132.60093474388123, "_step": 8, "Best_Test_loss": 7.739715099334717, "Best_Test_mae": 2.5462539196014404, "Best_Test_pcc": 0.36256425982469065, "Best_Epoch": 6, "Best_Val_loss": 8.015811920166016, "_wandb": {"runtime": 130}}