{"Train_loss": 0.21752475202083588, "Val_loss": 0.3425775170326233, "Train_mae": 0.35368669033050537, "Val_mae": 0.453514039516449, "Train_pcc": 0.9231960616004378, "Val_pcc": 0.9404521096866869, "Epoch": 3, "_timestamp": 1749645228.988474, "_runtime": 72.77603888511658, "_step": 5, "Best_Test_loss": 0.21511539816856384, "Best_Test_mae": 0.34992778301239014, "Best_Test_pcc": 0.9253347572236565, "Best_Epoch": 0, "Best_Val_loss": 0.33906057476997375, "_wandb": {"runtime": 70}}