{"Train_loss": 0.2669035494327545, "Val_loss": 0.187968447804451, "Train_mae": 0.3943590819835663, "Val_mae": 0.3372699022293091, "Train_pcc": 0.9138760715447186, "Val_pcc": 0.940796711696389, "Epoch": 3, "_timestamp": 1749615059.057725, "_runtime": 70.16694498062134, "_step": 5, "Best_Test_loss": 0.26231762766838074, "Best_Test_mae": 0.40348896384239197, "Best_Test_pcc": 0.914640283554754, "Best_Epoch": 0, "Best_Val_loss": 0.18678699433803558, "_wandb": {"runtime": 68}}