{"Train_loss": 0.2232164740562439, "Val_loss": 0.1825212836265564, "Train_mae": 0.3610972464084625, "Val_mae": 0.33355972170829773, "Train_pcc": 0.9250840884115599, "Val_pcc": 0.9385117501998193, "Epoch": 6, "_timestamp": 1749640605.039096, "_runtime": 130.7865002155304, "_step": 8, "Best_Test_loss": 0.19618117809295654, "Best_Test_mae": 0.3421953320503235, "Best_Test_pcc": 0.9383718932498385, "Best_Epoch": 6, "Best_Val_loss": 0.1825212836265564, "_wandb": {"runtime": 129}}