{"Train_loss": 0.2333097606897354, "Val_loss": 0.19146274030208588, "Train_mae": 0.3735032081604004, "Val_mae": 0.34750017523765564, "Train_pcc": 0.92333537636706, "Val_pcc": 0.9382501142686909, "Epoch": 6, "_timestamp": 1749630036.298629, "_runtime": 126.09358501434326, "_step": 8, "Best_Test_loss": 0.23455026745796204, "Best_Test_mae": 0.38660651445388794, "Best_Test_pcc": 0.9184531573078516, "Best_Epoch": 4, "Best_Val_loss": 0.19145803153514862, "_wandb": {"runtime": 124}}