{"Train_loss": 0.25372645258903503, "Val_loss": 0.24532704055309296, "Train_mae": 0.3907712399959564, "Val_mae": 0.3986573815345764, "Train_pcc": 0.9167100762381155, "Val_pcc": 0.9138678837355765, "Epoch": 6, "_timestamp": 1749624000.0043254, "_runtime": 131.0930814743042, "_step": 8, "Best_Test_loss": 0.20650024712085724, "Best_Test_mae": 0.36529532074928284, "Best_Test_pcc": 0.9325418012101311, "Best_Epoch": 6, "Best_Val_loss": 0.24532704055309296, "_wandb": {"runtime": 129}}