{"Train_loss": 0.21596141159534454, "Val_loss": 0.20769017934799194, "Train_mae": 0.35743579268455505, "Val_mae": 0.353034645318985, "Train_pcc": 0.9241335154196559, "Val_pcc": 0.9242458520273247, "Epoch": 6, "_timestamp": 1749622049.9103842, "_runtime": 134.04180121421814, "_step": 8, "Best_Test_loss": 0.3276895582675934, "Best_Test_mae": 0.44551852345466614, "Best_Test_pcc": 0.9373890691201148, "Best_Epoch": 6, "Best_Val_loss": 0.20769017934799194, "_wandb": {"runtime": 132}}