{"Train_loss": 0.2682713270187378, "Val_loss": 0.2607131600379944, "Train_mae": 0.3864558935165405, "Val_mae": 0.3735755980014801, "Train_pcc": 0.911350814284038, "Val_pcc": 0.9116069824580485, "Epoch": 6, "_timestamp": 1749630426.6217992, "_runtime": 137.93338632583618, "_step": 8, "Best_Test_loss": 0.22539174556732178, "Best_Test_mae": 0.35756394267082214, "Best_Test_pcc": 0.9278522479874051, "Best_Epoch": 6, "Best_Val_loss": 0.2607131600379944, "_wandb": {"runtime": 135}}