{"Train_loss": 0.21556060016155243, "Val_loss": 0.33896496891975403, "Train_mae": 0.3492782413959503, "Val_mae": 0.45151287317276, "Train_pcc": 0.9236217775298885, "Val_pcc": 0.9417127843808858, "Epoch": 3, "_timestamp": 1749645914.9826186, "_runtime": 71.41699051856995, "_step": 5, "Best_Test_loss": 0.21717768907546997, "Best_Test_mae": 0.35286521911621094, "Best_Test_pcc": 0.9247230458296265, "Best_Epoch": 0, "Best_Val_loss": 0.32884013652801514, "_wandb": {"runtime": 68}}