{"Train_loss": 0.22522933781147003, "Val_loss": 0.3604315221309662, "Train_mae": 0.36135220527648926, "Val_mae": 0.46741706132888794, "Train_pcc": 0.9202941742417998, "Val_pcc": 0.9378926272508576, "Epoch": 6, "_timestamp": 1749631771.4435635, "_runtime": 132.5944423675537, "_step": 8, "Best_Test_loss": 0.22485043108463287, "Best_Test_mae": 0.355351060628891, "Best_Test_pcc": 0.9225831804785882, "Best_Epoch": 6, "Best_Val_loss": 0.3604315221309662, "_wandb": {"runtime": 129}}