{"Train_loss": 0.2301354706287384, "Val_loss": 0.1917315274477005, "Train_mae": 0.36227425932884216, "Val_mae": 0.33829566836357117, "Train_pcc": 0.9239664066571529, "Val_pcc": 0.9379591418877734, "Epoch": 5, "_timestamp": 1749616248.158844, "_runtime": 108.2254331111908, "_step": 7, "Best_Test_loss": 0.22492080926895142, "Best_Test_mae": 0.3697711229324341, "Best_Test_pcc": 0.9197077393721396, "Best_Epoch": 2, "Best_Val_loss": 0.191666841506958, "_wandb": {"runtime": 105}}