{"Train_loss": 0.24020813405513763, "Val_loss": 0.15508882701396942, "Train_mae": 0.3708149492740631, "Val_mae": 0.30633866786956787, "Train_pcc": 0.9222022060197607, "Val_pcc": 0.9433232985142448, "Epoch": 5, "_timestamp": 1749628327.4968333, "_runtime": 113.69892024993896, "_step": 7, "Best_Test_loss": 0.22462791204452515, "Best_Test_mae": 0.3739459812641144, "Best_Test_pcc": 0.9188516492019956, "Best_Epoch": 2, "Best_Val_loss": 0.15508538484573364, "_wandb": {"runtime": 111}}