{"Train_loss": 0.24743185937404633, "Val_loss": 0.18475821614265442, "Train_mae": 0.3856905996799469, "Val_mae": 0.33475473523139954, "Train_pcc": 0.9179670451798889, "Val_pcc": 0.9379792926567017, "Epoch": 6, "_timestamp": 1749606225.7952986, "_runtime": 131.01368761062622, "_step": 8, "Best_Test_loss": 0.3909152150154114, "Best_Test_mae": 0.4442853331565857, "Best_Test_pcc": 0.8767598814184483, "Best_Epoch": 6, "Best_Val_loss": 0.18475821614265442, "_wandb": {"runtime": 129}}