{"Train_loss": 0.2380775660276413, "Val_loss": 0.15282726287841797, "Train_mae": 0.36822956800460815, "Val_mae": 0.3034358024597168, "Train_pcc": 0.9229201931449805, "Val_pcc": 0.9426057506279961, "Epoch": 6, "_timestamp": 1749641623.461942, "_runtime": 128.01520800590515, "_step": 8, "Best_Test_loss": 0.2197679579257965, "Best_Test_mae": 0.36827996373176575, "Best_Test_pcc": 0.9183852791576879, "Best_Epoch": 3, "Best_Val_loss": 0.15276411175727844, "_wandb": {"runtime": 125}}