{"Train_loss": 0.2530720829963684, "Val_loss": 0.16718854010105133, "Train_mae": 0.3757835030555725, "Val_mae": 0.3120929002761841, "Train_pcc": 0.917611516765508, "Val_pcc": 0.9375981554139157, "Epoch": 6, "_timestamp": 1749601812.7614987, "_runtime": 133.071528673172, "_step": 8, "Best_Test_loss": 0.23968474566936493, "Best_Test_mae": 0.37917396426200867, "Best_Test_pcc": 0.9118754372995757, "Best_Epoch": 6, "Best_Val_loss": 0.16718854010105133, "_wandb": {"runtime": 130}}