{"Train_loss": 11.816801071166992, "Val_loss": 11.40848159790039, "Train_mae": 3.1536362171173096, "Val_mae": 3.1182146072387695, "Train_pcc": 0.02261910057694285, "Val_pcc": -0.03432176872061108, "Epoch": 6, "_timestamp": 1749610072.1832547, "_runtime": 133.13695168495178, "_step": 8, "Best_Test_loss": 12.173972129821777, "Best_Test_mae": 3.2250916957855225, "Best_Test_pcc": 0.06155649158363643, "Best_Epoch": 6, "Best_Val_loss": 11.40848159790039, "_wandb": {"runtime": 131}}