{"Train_loss": 0.21701981127262115, "Val_loss": 0.3096994459629059, "Train_mae": 0.3616165518760681, "Val_mae": 0.41007402539253235, "Train_pcc": 0.9283996236150711, "Val_pcc": 0.9007822206259375, "Epoch": 6, "_timestamp": 1749612641.7929382, "_runtime": 132.60698223114014, "_step": 8, "Best_Test_loss": 0.16268858313560486, "Best_Test_mae": 0.31728595495224, "Best_Test_pcc": 0.9413792901896051, "Best_Epoch": 6, "Best_Val_loss": 0.3096994459629059, "_wandb": {"runtime": 129}}