{"Train_loss": 8.957371711730957, "Val_loss": 7.993130207061768, "Train_mae": 2.732799530029297, "Val_mae": 2.573577880859375, "Train_pcc": 0.2808227061581483, "Val_pcc": 0.30709932484534397, "Epoch": 6, "_timestamp": 1749617084.899259, "_runtime": 132.83441400527954, "_step": 8, "Best_Test_loss": 7.739524841308594, "Best_Test_mae": 2.5269217491149902, "Best_Test_pcc": 0.33932955525309505, "Best_Epoch": 6, "Best_Val_loss": 7.993130207061768, "_wandb": {"runtime": 131}}