{"Train_loss": 9.630278587341309, "Val_loss": 9.192777633666992, "Train_mae": 2.8359181880950928, "Val_mae": 2.7910163402557373, "Train_pcc": 0.18663801915390468, "Val_pcc": 0.3015612439449721, "Epoch": 6, "_timestamp": 1749619660.1732905, "_runtime": 134.68098258972168, "_step": 8, "Best_Test_loss": 8.244750022888184, "Best_Test_mae": 2.6017074584960938, "Best_Test_pcc": 0.2833446451719783, "Best_Epoch": 6, "Best_Val_loss": 9.192777633666992, "_wandb": {"runtime": 133}}