{"Train_loss": 0.24312724173069, "Val_loss": 0.22908097505569458, "Train_mae": 0.3701675534248352, "Val_mae": 0.37353211641311646, "Train_pcc": 0.9198436478267121, "Val_pcc": 0.9162541520264443, "Epoch": 6, "_timestamp": 1749637573.4784594, "_runtime": 134.0147054195404, "_step": 8, "Best_Test_loss": 0.22067023813724518, "Best_Test_mae": 0.3680897355079651, "Best_Test_pcc": 0.9300826901391259, "Best_Epoch": 6, "Best_Val_loss": 0.22908097505569458, "_wandb": {"runtime": 131}}