{"Train_loss": 0.22317366302013397, "Val_loss": 0.1837320178747177, "Train_mae": 0.36433371901512146, "Val_mae": 0.33769237995147705, "Train_pcc": 0.9252708049421414, "Val_pcc": 0.9385684273478946, "Epoch": 3, "_timestamp": 1749600638.4775336, "_runtime": 72.48301458358765, "_step": 5, "Best_Test_loss": 0.19151677191257477, "Best_Test_mae": 0.3375992178916931, "Best_Test_pcc": 0.9381033334524488, "Best_Epoch": 0, "Best_Val_loss": 0.18206322193145752, "_wandb": {"runtime": 70}}