{"Train_loss": 0.21680551767349243, "Val_loss": 0.30863475799560547, "Train_mae": 0.3620862662792206, "Val_mae": 0.4088137745857239, "Train_pcc": 0.928636911646743, "Val_pcc": 0.9011329210569099, "Epoch": 5, "_timestamp": 1749625713.5896716, "_runtime": 110.1820297241211, "_step": 7, "Best_Test_loss": 0.16211669147014618, "Best_Test_mae": 0.3162187337875366, "Best_Test_pcc": 0.9411567327699888, "Best_Epoch": 2, "Best_Val_loss": 0.308621346950531, "_wandb": {"runtime": 108}}