{"Train_loss": 0.21679961681365967, "Val_loss": 0.3071622848510742, "Train_mae": 0.3633992373943329, "Val_mae": 0.40969985723495483, "Train_pcc": 0.9286627645028991, "Val_pcc": 0.9017114003211014, "Epoch": 6, "_timestamp": 1749625883.321492, "_runtime": 156.2743079662323, "_step": 8, "Best_Test_loss": 0.16164132952690125, "Best_Test_mae": 0.31810691952705383, "Best_Test_pcc": 0.9410208085158328, "Best_Epoch": 6, "Best_Val_loss": 0.3071622848510742, "_wandb": {"runtime": 155}}