{"Train_loss": 0.21697190403938293, "Val_loss": 0.35456010699272156, "Train_mae": 0.35530996322631836, "Val_mae": 0.4679397642612457, "Train_pcc": 0.9232225868501551, "Val_pcc": 0.9395027058858785, "Epoch": 6, "_timestamp": 1749618934.2099113, "_runtime": 129.88842725753784, "_step": 8, "Best_Test_loss": 0.2214430272579193, "Best_Test_mae": 0.35448792576789856, "Best_Test_pcc": 0.9231854359890344, "Best_Epoch": 6, "Best_Val_loss": 0.35456010699272156, "_wandb": {"runtime": 128}}