{"Train_loss": 0.2553161680698395, "Val_loss": 0.2483958601951599, "Train_mae": 0.3899482190608978, "Val_mae": 0.3798162043094635, "Train_pcc": 0.914703690533072, "Val_pcc": 0.9139358945436473, "Epoch": 6, "_timestamp": 1749603913.424426, "_runtime": 133.18028807640076, "_step": 8, "Best_Test_loss": 0.2014920860528946, "Best_Test_mae": 0.3563278317451477, "Best_Test_pcc": 0.9326104401939466, "Best_Epoch": 6, "Best_Val_loss": 0.2483958601951599, "_wandb": {"runtime": 131}}