{"Train_loss": 0.2103128582239151, "Val_loss": 0.19344350695610046, "Train_mae": 0.3525007963180542, "Val_mae": 0.3437456786632538, "Train_pcc": 0.9259063986797549, "Val_pcc": 0.9286952715179709, "Epoch": 4, "_timestamp": 1749608299.0748365, "_runtime": 91.75340938568115, "_step": 6, "Best_Test_loss": 0.3536296486854553, "Best_Test_mae": 0.46917784214019775, "Best_Test_pcc": 0.9393489407308178, "Best_Epoch": 1, "Best_Val_loss": 0.19062232971191406, "_wandb": {"runtime": 90}}