{"Train_loss": 0.23657004535198212, "Val_loss": 0.1912955641746521, "Train_mae": 0.373833030462265, "Val_mae": 0.3445298671722412, "Train_pcc": 0.9214223291336721, "Val_pcc": 0.9366373142995733, "Epoch": 6, "_timestamp": 1749609927.4795904, "_runtime": 125.56777238845825, "_step": 8, "Best_Test_loss": 0.1743100881576538, "Best_Test_mae": 0.32884153723716736, "Best_Test_pcc": 0.9427989692035248, "Best_Epoch": 3, "Best_Val_loss": 0.19122314453125, "_wandb": {"runtime": 122}}