{"Train_loss": 0.2544485032558441, "Val_loss": 0.20696118474006653, "Train_mae": 0.38625404238700867, "Val_mae": 0.3470815122127533, "Train_pcc": 0.9143987562463214, "Val_pcc": 0.9297731996936756, "Epoch": 6, "_timestamp": 1749613514.3929915, "_runtime": 129.538432598114, "_step": 8, "Best_Test_loss": 0.23249457776546478, "Best_Test_mae": 0.3655239939689636, "Best_Test_pcc": 0.9255713888461472, "Best_Epoch": 6, "Best_Val_loss": 0.20696118474006653, "_wandb": {"runtime": 128}}