{"Train_loss": 7.730006217956543, "Val_loss": 6.741022109985352, "Train_mae": 2.5418457984924316, "Val_mae": 2.3805840015411377, "Train_pcc": 0.3771358701587069, "Val_pcc": 0.4705047215490914, "Epoch": 6, "_timestamp": 1749621307.628458, "_runtime": 129.93225502967834, "_step": 8, "Best_Test_loss": 7.658531188964844, "Best_Test_mae": 2.44346284866333, "Best_Test_pcc": 0.4963482146833348, "Best_Epoch": 6, "Best_Val_loss": 6.741022109985352, "_wandb": {"runtime": 128}}