{"Train_loss": 0.23736587166786194, "Val_loss": 0.19609230756759644, "Train_mae": 0.3794943392276764, "Val_mae": 0.350693017244339, "Train_pcc": 0.9211296128030777, "Val_pcc": 0.9344835678073043, "Epoch": 6, "_timestamp": 1749636560.3211977, "_runtime": 125.98319482803345, "_step": 8, "Best_Test_loss": 0.18026748299598694, "Best_Test_mae": 0.33800363540649414, "Best_Test_pcc": 0.9405442236389825, "Best_Epoch": 6, "Best_Val_loss": 0.19609230756759644, "_wandb": {"runtime": 123}}