{"Train_loss": 0.24562881886959076, "Val_loss": 0.3966275751590729, "Train_mae": 0.3784521520137787, "Val_mae": 0.49961939454078674, "Train_pcc": 0.9127030327742394, "Val_pcc": 0.9294711087376546, "Epoch": 6, "_timestamp": 1749618644.5241408, "_runtime": 130.63829684257507, "_step": 8, "Best_Test_loss": 0.2579641342163086, "Best_Test_mae": 0.3819235861301422, "Best_Test_pcc": 0.909800487051921, "Best_Epoch": 6, "Best_Val_loss": 0.3966275751590729, "_wandb": {"runtime": 127}}