{"Train_loss": 0.2314339429140091, "Val_loss": 0.22024406492710114, "Train_mae": 0.3592483401298523, "Val_mae": 0.3662479519844055, "Train_pcc": 0.9239319072347897, "Val_pcc": 0.9190250129228286, "Epoch": 5, "_timestamp": 1749624752.2550936, "_runtime": 108.55101156234741, "_step": 7, "Best_Test_loss": 0.20648840069770813, "Best_Test_mae": 0.3516366481781006, "Best_Test_pcc": 0.9344495894422256, "Best_Epoch": 2, "Best_Val_loss": 0.22021596133708954, "_wandb": {"runtime": 107}}