{"Train_loss": 0.23906585574150085, "Val_loss": 0.22559653222560883, "Train_mae": 0.3699992299079895, "Val_mae": 0.35712307691574097, "Train_pcc": 0.921095162354839, "Val_pcc": 0.923773319926675, "Epoch": 3, "_timestamp": 1749631004.9825792, "_runtime": 71.02126216888428, "_step": 5, "Best_Test_loss": 0.1798226535320282, "Best_Test_mae": 0.33238542079925537, "Best_Test_pcc": 0.9386457175678072, "Best_Epoch": 0, "Best_Val_loss": 0.22320260107517242, "_wandb": {"runtime": 68}}