{"Train_loss": 0.23847182095050812, "Val_loss": 0.22645717859268188, "Train_mae": 0.35746753215789795, "Val_mae": 0.3636486530303955, "Train_pcc": 0.921616503453981, "Val_pcc": 0.916781968823278, "Epoch": 6, "_timestamp": 1749624288.0621035, "_runtime": 131.72186040878296, "_step": 8, "Best_Test_loss": 0.2183101773262024, "Best_Test_mae": 0.35534778237342834, "Best_Test_pcc": 0.9294237929810406, "Best_Epoch": 6, "Best_Val_loss": 0.22645717859268188, "_wandb": {"runtime": 130}}