{"Train_loss": 0.22629117965698242, "Val_loss": 0.18470615148544312, "Train_mae": 0.3592104911804199, "Val_mae": 0.32952964305877686, "Train_pcc": 0.9244154257737544, "Val_pcc": 0.9383253384343715, "Epoch": 6, "_timestamp": 1749627349.3201683, "_runtime": 125.1653082370758, "_step": 8, "Best_Test_loss": 0.1916964203119278, "Best_Test_mae": 0.3326686918735504, "Best_Test_pcc": 0.9381579374481093, "Best_Epoch": 3, "Best_Val_loss": 0.18469585478305817, "_wandb": {"runtime": 122}}