{"Train_loss": 0.2073117345571518, "Val_loss": 0.1947813183069229, "Train_mae": 0.34922248125076294, "Val_mae": 0.3446318209171295, "Train_pcc": 0.9269732315249177, "Val_pcc": 0.9287076521269304, "Epoch": 6, "_timestamp": 1749608525.2879863, "_runtime": 126.1111273765564, "_step": 8, "Best_Test_loss": 0.3296777307987213, "Best_Test_mae": 0.4479518532752991, "Best_Test_pcc": 0.9406272707855684, "Best_Epoch": 3, "Best_Val_loss": 0.1947808563709259, "_wandb": {"runtime": 124}}