{"Train_loss": 0.23734833300113678, "Val_loss": 0.18870818614959717, "Train_mae": 0.3747040629386902, "Val_mae": 0.34193864464759827, "Train_pcc": 0.9214447354570807, "Val_pcc": 0.936293973138649, "Epoch": 4, "_timestamp": 1749596126.079774, "_runtime": 114.45462894439697, "_step": 6, "Best_Test_loss": 0.1720634251832962, "Best_Test_mae": 0.32629361748695374, "Best_Test_pcc": 0.942172979555661, "Best_Epoch": 1, "Best_Val_loss": 0.18710768222808838, "_wandb": {"runtime": 113}}