{"Train_loss": 0.23139916360378265, "Val_loss": 0.19152292609214783, "Train_mae": 0.3680741786956787, "Val_mae": 0.3430617153644562, "Train_pcc": 0.9236963390133545, "Val_pcc": 0.9384989479149339, "Epoch": 3, "_timestamp": 1749630124.1664612, "_runtime": 74.55587434768677, "_step": 5, "Best_Test_loss": 0.23136945068836212, "Best_Test_mae": 0.38179051876068115, "Best_Test_pcc": 0.9190543479385742, "Best_Epoch": 0, "Best_Val_loss": 0.1907985806465149, "_wandb": {"runtime": 72}}