{"Train_loss": 0.24704676866531372, "Val_loss": 0.19503289461135864, "Train_mae": 0.37463653087615967, "Val_mae": 0.3337624967098236, "Train_pcc": 0.9183029955873647, "Val_pcc": 0.9339901784619791, "Epoch": 6, "_timestamp": 1749632915.0541835, "_runtime": 141.0229775905609, "_step": 8, "Best_Test_loss": 0.40935972332954407, "Best_Test_mae": 0.4473743140697479, "Best_Test_pcc": 0.8751807022461655, "Best_Epoch": 6, "Best_Val_loss": 0.19503289461135864, "_wandb": {"runtime": 139}}