{"Train_loss": 0.22475574910640717, "Val_loss": 0.18938887119293213, "Train_mae": 0.3631161153316498, "Val_mae": 0.33902889490127563, "Train_pcc": 0.9246128838335367, "Val_pcc": 0.938021079000297, "Epoch": 6, "_timestamp": 1749627052.531833, "_runtime": 123.06055998802185, "_step": 8, "Best_Test_loss": 0.2003852277994156, "Best_Test_mae": 0.34517329931259155, "Best_Test_pcc": 0.9379663201738107, "Best_Epoch": 5, "Best_Val_loss": 0.18938887119293213, "_wandb": {"runtime": 121}}