{"Train_loss": 0.23442873358726501, "Val_loss": 0.2173006236553192, "Train_mae": 0.36188918352127075, "Val_mae": 0.3628106713294983, "Train_pcc": 0.9231040489980293, "Val_pcc": 0.9184403412513833, "Epoch": 6, "_timestamp": 1749597002.6168315, "_runtime": 154.09011149406433, "_step": 8, "Best_Test_loss": 0.21240684390068054, "Best_Test_mae": 0.3561762273311615, "Best_Test_pcc": 0.9344795168071007, "Best_Epoch": 3, "Best_Val_loss": 0.2170809656381607, "_wandb": {"runtime": 152}}