{"Train_loss": 0.2383420169353485, "Val_loss": 0.22691382467746735, "Train_mae": 0.37425312399864197, "Val_mae": 0.36202773451805115, "Train_pcc": 0.9206262974008529, "Val_pcc": 0.921884646458317, "Epoch": 6, "_timestamp": 1749604205.7457378, "_runtime": 131.86453986167908, "_step": 8, "Best_Test_loss": 0.18304625153541565, "Best_Test_mae": 0.3359050452709198, "Best_Test_pcc": 0.9388748913832781, "Best_Epoch": 6, "Best_Val_loss": 0.22691382467746735, "_wandb": {"runtime": 130}}