{"Train_loss": 0.23816557228565216, "Val_loss": 0.2276354283094406, "Train_mae": 0.3736425042152405, "Val_mae": 0.3637927770614624, "Train_pcc": 0.9207829295625962, "Val_pcc": 0.9221951109097357, "Epoch": 6, "_timestamp": 1749644258.4216142, "_runtime": 127.03887128829956, "_step": 8, "Best_Test_loss": 0.1871936172246933, "Best_Test_mae": 0.3410337269306183, "Best_Test_pcc": 0.9380616334217113, "Best_Epoch": 6, "Best_Val_loss": 0.2276354283094406, "_wandb": {"runtime": 125}}