{"Train_loss": 0.23220165073871613, "Val_loss": 0.22125111520290375, "Train_mae": 0.357742577791214, "Val_mae": 0.36515742540359497, "Train_pcc": 0.923671143812082, "Val_pcc": 0.9187947341100396, "Epoch": 6, "_timestamp": 1749624426.8365872, "_runtime": 127.66514229774475, "_step": 8, "Best_Test_loss": 0.2077404111623764, "Best_Test_mae": 0.3507470190525055, "Best_Test_pcc": 0.9338392691452042, "Best_Epoch": 5, "Best_Val_loss": 0.22124920785427094, "_wandb": {"runtime": 126}}