{"Train_loss": 0.22794413566589355, "Val_loss": 0.3609101176261902, "Train_mae": 0.36492305994033813, "Val_mae": 0.4675390422344208, "Train_pcc": 0.9189983855545109, "Val_pcc": 0.9380603715435099, "Epoch": 3, "_timestamp": 1749605695.6438732, "_runtime": 70.9687671661377, "_step": 5, "Best_Test_loss": 0.27077293395996094, "Best_Test_mae": 0.3995470106601715, "Best_Test_pcc": 0.9106986561411042, "Best_Epoch": 0, "Best_Val_loss": 0.34223121404647827, "_wandb": {"runtime": 69}}