{"Train_loss": 0.23842650651931763, "Val_loss": 0.22473177313804626, "Train_mae": 0.3715374767780304, "Val_mae": 0.35772621631622314, "Train_pcc": 0.9208202343733048, "Val_pcc": 0.9225334748814773, "Epoch": 5, "_timestamp": 1749630693.1659067, "_runtime": 109.89431166648865, "_step": 7, "Best_Test_loss": 0.18449506163597107, "Best_Test_mae": 0.3356558084487915, "Best_Test_pcc": 0.9387528437560594, "Best_Epoch": 2, "Best_Val_loss": 0.22472982108592987, "_wandb": {"runtime": 108}}