{"Train_loss": 6.757894515991211, "Val_loss": 5.865516662597656, "Train_mae": 2.3574278354644775, "Val_mae": 2.197382926940918, "Train_pcc": 0.42211365080220353, "Val_pcc": 0.495771519401893, "Epoch": 6, "_timestamp": 1749621459.5158713, "_runtime": 138.38670921325684, "_step": 8, "Best_Test_loss": 6.727276802062988, "Best_Test_mae": 2.26298189163208, "Best_Test_pcc": 0.528314554928724, "Best_Epoch": 6, "Best_Val_loss": 5.865516662597656, "_wandb": {"runtime": 136}}