{"Train_loss": 0.22367888689041138, "Val_loss": 0.18252694606781006, "Train_mae": 0.36232924461364746, "Val_mae": 0.3337670564651489, "Train_pcc": 0.924918297730267, "Val_pcc": 0.9385360769282205, "Epoch": 6, "_timestamp": 1749640747.3725274, "_runtime": 128.86732840538025, "_step": 8, "Best_Test_loss": 0.19621184468269348, "Best_Test_mae": 0.34244611859321594, "Best_Test_pcc": 0.9383833611301737, "Best_Epoch": 5, "Best_Val_loss": 0.18252694606781006, "_wandb": {"runtime": 127}}