{"Train_loss": 0.22975625097751617, "Val_loss": 0.19350774586200714, "Train_mae": 0.3651190996170044, "Val_mae": 0.3425416648387909, "Train_pcc": 0.9240543342342312, "Val_pcc": 0.9377690186428954, "Epoch": 4, "_timestamp": 1749603241.9668548, "_runtime": 90.81604290008545, "_step": 6, "Best_Test_loss": 0.22195519506931305, "Best_Test_mae": 0.36838507652282715, "Best_Test_pcc": 0.9197635769608555, "Best_Epoch": 1, "Best_Val_loss": 0.19287732243537903, "_wandb": {"runtime": 89}}