{"Train_loss": 9.129281997680664, "Val_loss": 8.167746543884277, "Train_mae": 2.757608652114868, "Val_mae": 2.60294508934021, "Train_pcc": 0.2563334856168443, "Val_pcc": 0.29091488384271824, "Epoch": 6, "_timestamp": 1749616938.690368, "_runtime": 128.6816439628601, "_step": 8, "Best_Test_loss": 7.904786586761475, "Best_Test_mae": 2.5555989742279053, "Best_Test_pcc": 0.32399605389784025, "Best_Epoch": 6, "Best_Val_loss": 8.167746543884277, "_wandb": {"runtime": 127}}