{"Train_loss": 0.23730984330177307, "Val_loss": 0.1945631057024002, "Train_mae": 0.3751831650733948, "Val_mae": 0.3465694487094879, "Train_pcc": 0.9211474548294742, "Val_pcc": 0.9354116586720483, "Epoch": 6, "_timestamp": 1749636697.7368722, "_runtime": 124.53734707832336, "_step": 8, "Best_Test_loss": 0.17879952490329742, "Best_Test_mae": 0.33346253633499146, "Best_Test_pcc": 0.9412645808598706, "Best_Epoch": 6, "Best_Val_loss": 0.1945631057024002, "_wandb": {"runtime": 123}}