{"Train_loss": 0.22120752930641174, "Val_loss": 0.3101588487625122, "Train_mae": 0.3606134355068207, "Val_mae": 0.40618857741355896, "Train_pcc": 0.9271170221005293, "Val_pcc": 0.9006092219973967, "Epoch": 6, "_timestamp": 1749638989.6697285, "_runtime": 131.27127647399902, "_step": 8, "Best_Test_loss": 0.1572699397802353, "Best_Test_mae": 0.30544599890708923, "Best_Test_pcc": 0.9413971980565926, "Best_Epoch": 6, "Best_Val_loss": 0.3101588487625122, "_wandb": {"runtime": 129}}