{"Train_loss": 1.1430240869522095, "Val_loss": 0.9663514494895935, "Train_mae": 0.8357146978378296, "Val_mae": 0.7803194522857666, "Train_pcc": 0.5997065064956881, "Val_pcc": 0.6300859122780048, "Epoch": 6, "_timestamp": 1749613076.057034, "_runtime": 132.2360429763794, "_step": 8, "Best_Test_loss": 0.9847010374069214, "Best_Test_mae": 0.7873996496200562, "Best_Test_pcc": 0.6300585033625536, "Best_Epoch": 6, "Best_Val_loss": 0.9663514494895935, "_wandb": {"runtime": 130}}