{"Train_loss": 0.216589093208313, "Val_loss": 0.3081689476966858, "Train_mae": 0.36156076192855835, "Val_mae": 0.4086920917034149, "Train_pcc": 0.928539986273133, "Val_pcc": 0.9013757731973748, "Epoch": 6, "_timestamp": 1749639220.7589223, "_runtime": 132.61732029914856, "_step": 8, "Best_Test_loss": 0.16414594650268555, "Best_Test_mae": 0.31897568702697754, "Best_Test_pcc": 0.9413690211004423, "Best_Epoch": 6, "Best_Val_loss": 0.3081689476966858, "_wandb": {"runtime": 130}}