{"Train_loss": 0.23715820908546448, "Val_loss": 0.22992472350597382, "Train_mae": 0.3542334735393524, "Val_mae": 0.36311423778533936, "Train_pcc": 0.9221739729830846, "Val_pcc": 0.9161215280041347, "Epoch": 6, "_timestamp": 1749597148.2577598, "_runtime": 131.7850308418274, "_step": 8, "Best_Test_loss": 0.22182543575763702, "Best_Test_mae": 0.3552079498767853, "Best_Test_pcc": 0.9308825064967863, "Best_Epoch": 6, "Best_Val_loss": 0.22992472350597382, "_wandb": {"runtime": 130}}