{"Train_loss": 0.2158459722995758, "Val_loss": 0.3451724946498871, "Train_mae": 0.3514469563961029, "Val_mae": 0.45627301931381226, "Train_pcc": 0.9235440512871027, "Val_pcc": 0.9408333434810902, "Epoch": 6, "_timestamp": 1749632403.1127229, "_runtime": 133.1387219429016, "_step": 8, "Best_Test_loss": 0.2170204371213913, "Best_Test_mae": 0.3477044701576233, "Best_Test_pcc": 0.9247836220195063, "Best_Epoch": 6, "Best_Val_loss": 0.3451724946498871, "_wandb": {"runtime": 131}}