{"Train_loss": 0.2157728224992752, "Val_loss": 0.3083367943763733, "Train_mae": 0.3599541485309601, "Val_mae": 0.4074520170688629, "Train_pcc": 0.9288177453294492, "Val_pcc": 0.9013155623810005, "Epoch": 4, "_timestamp": 1749639322.3226664, "_runtime": 88.28030252456665, "_step": 6, "Best_Test_loss": 0.16439330577850342, "Best_Test_mae": 0.31812071800231934, "Best_Test_pcc": 0.9414512992288451, "Best_Epoch": 1, "Best_Val_loss": 0.3083269000053406, "_wandb": {"runtime": 87}}