{"Train_loss": 0.23351925611495972, "Val_loss": 0.19931906461715698, "Train_mae": 0.36704227328300476, "Val_mae": 0.3440711200237274, "Train_pcc": 0.9227441895001306, "Val_pcc": 0.9363920300517246, "Epoch": 6, "_timestamp": 1749643010.4721437, "_runtime": 131.66445565223694, "_step": 8, "Best_Test_loss": 0.2227654606103897, "Best_Test_mae": 0.3666163682937622, "Best_Test_pcc": 0.9178460650245636, "Best_Epoch": 6, "Best_Val_loss": 0.19931906461715698, "_wandb": {"runtime": 129}}