{"Train_loss": 0.2423606663942337, "Val_loss": 0.20120687782764435, "Train_mae": 0.37477877736091614, "Val_mae": 0.349538654088974, "Train_pcc": 0.9194157293479495, "Val_pcc": 0.9339983078036694, "Epoch": 6, "_timestamp": 1749467105.757271, "_runtime": 42.06174993515015, "_step": 8, "Best_Test_loss": 0.21454447507858276, "Best_Test_mae": 0.3608946204185486, "Best_Test_pcc": 0.9335734327792458, "Best_Epoch": 6, "Best_Val_loss": 0.20120687782764435, "_wandb": {"runtime": 40}}