{"Train_loss": 0.23757489025592804, "Val_loss": 0.22714172303676605, "Train_mae": 0.3733130991458893, "Val_mae": 0.3622307777404785, "Train_pcc": 0.9209136833103233, "Val_pcc": 0.9220053300799962, "Epoch": 3, "_timestamp": 1749604291.563142, "_runtime": 71.08220911026001, "_step": 5, "Best_Test_loss": 0.1835784912109375, "Best_Test_mae": 0.3365168273448944, "Best_Test_pcc": 0.9388788852093121, "Best_Epoch": 0, "Best_Val_loss": 0.22711732983589172, "_wandb": {"runtime": 69}}