{"Train_loss": 0.21835015714168549, "Val_loss": 0.1734820306301117, "Train_mae": 0.3652753233909607, "Val_mae": 0.32954055070877075, "Train_pcc": 0.9269044519562348, "Val_pcc": 0.9416194135851494, "Epoch": 6, "_timestamp": 1749606683.80211, "_runtime": 128.60041689872742, "_step": 8, "Best_Test_loss": 0.35817965865135193, "Best_Test_mae": 0.4244665801525116, "Best_Test_pcc": 0.8861346021091174, "Best_Epoch": 6, "Best_Val_loss": 0.1734820306301117, "_wandb": {"runtime": 127}}