{"Train_loss": 0.283978670835495, "Val_loss": 0.20344415307044983, "Train_mae": 0.4032236337661743, "Val_mae": 0.3484727442264557, "Train_pcc": 0.9072466886420126, "Val_pcc": 0.9254586558158524, "Epoch": 6, "_timestamp": 1749641338.9854553, "_runtime": 128.08311533927917, "_step": 8, "Best_Test_loss": 0.26725053787231445, "Best_Test_mae": 0.40523451566696167, "Best_Test_pcc": 0.9034038239556255, "Best_Epoch": 6, "Best_Val_loss": 0.20344415307044983, "_wandb": {"runtime": 126}}