{"Train_loss": 0.23649194836616516, "Val_loss": 0.2269309163093567, "Train_mae": 0.3745550811290741, "Val_mae": 0.3642112910747528, "Train_pcc": 0.9214669638413843, "Val_pcc": 0.9216386820399591, "Epoch": 5, "_timestamp": 1749630918.6113613, "_runtime": 108.3125991821289, "_step": 7, "Best_Test_loss": 0.18320977687835693, "Best_Test_mae": 0.3373788595199585, "Best_Test_pcc": 0.9379245625053637, "Best_Epoch": 2, "Best_Val_loss": 0.22614632546901703, "_wandb": {"runtime": 105}}