{"Train_loss": 10.822373390197754, "Val_loss": 10.157500267028809, "Train_mae": 2.9785845279693604, "Val_mae": 2.8577473163604736, "Train_pcc": -0.047071336897473226, "Val_pcc": -0.06547792426401923, "Epoch": 6, "_timestamp": 1749626622.3681345, "_runtime": 124.11387038230896, "_step": 8, "Best_Test_loss": 9.8271484375, "Best_Test_mae": 2.804434061050415, "Best_Test_pcc": -0.04110877506550749, "Best_Epoch": 6, "Best_Val_loss": 10.157500267028809, "_wandb": {"runtime": 122}}