{"Train_loss": 0.2391377091407776, "Val_loss": 0.19715890288352966, "Train_mae": 0.37652450799942017, "Val_mae": 0.35049495100975037, "Train_pcc": 0.920727560966629, "Val_pcc": 0.9351271234605704, "Epoch": 5, "_timestamp": 1749623560.7116077, "_runtime": 102.54546475410461, "_step": 7, "Best_Test_loss": 0.18445953726768494, "Best_Test_mae": 0.35040009021759033, "Best_Test_pcc": 0.9373723581926671, "Best_Epoch": 2, "Best_Val_loss": 0.1942862868309021, "_wandb": {"runtime": 100}}