{"Train_loss": 0.25062885880470276, "Val_loss": 0.18858198821544647, "Train_mae": 0.38529646396636963, "Val_mae": 0.34211793541908264, "Train_pcc": 0.9168450929560782, "Val_pcc": 0.9347757782270288, "Epoch": 4, "_timestamp": 1749622918.9847186, "_runtime": 102.95122456550598, "_step": 6, "Best_Test_loss": 0.17306511104106903, "Best_Test_mae": 0.328517884016037, "Best_Test_pcc": 0.9413402561412451, "Best_Epoch": 1, "Best_Val_loss": 0.1883973926305771, "_wandb": {"runtime": 101}}