{"Train_loss": 0.2146340310573578, "Val_loss": 0.3409627676010132, "Train_mae": 0.35146430134773254, "Val_mae": 0.45449572801589966, "Train_pcc": 0.9238549880375811, "Val_pcc": 0.9414185618079259, "Epoch": 4, "_timestamp": 1749619276.0394392, "_runtime": 91.80040311813354, "_step": 6, "Best_Test_loss": 0.21661905944347382, "Best_Test_mae": 0.34911322593688965, "Best_Test_pcc": 0.9247987056979295, "Best_Epoch": 1, "Best_Val_loss": 0.34089308977127075, "_wandb": {"runtime": 89}}