{"Train_loss": 0.23023901879787445, "Val_loss": 0.196136936545372, "Train_mae": 0.3648146390914917, "Val_mae": 0.3447752594947815, "Train_pcc": 0.9238498032973935, "Val_pcc": 0.9377072043418624, "Epoch": 6, "_timestamp": 1749602996.5211833, "_runtime": 129.86349725723267, "_step": 8, "Best_Test_loss": 0.22042037546634674, "Best_Test_mae": 0.36855074763298035, "Best_Test_pcc": 0.9190339365782179, "Best_Epoch": 5, "Best_Val_loss": 0.196136936545372, "_wandb": {"runtime": 128}}