{"Train_loss": 0.2324012964963913, "Val_loss": 0.22201354801654816, "Train_mae": 0.3612917959690094, "Val_mae": 0.36799538135528564, "Train_pcc": 0.92340648977307, "Val_pcc": 0.9188054669790544, "Epoch": 4, "_timestamp": 1749637234.4254124, "_runtime": 90.96929240226746, "_step": 6, "Best_Test_loss": 0.20567567646503448, "Best_Test_mae": 0.35096126794815063, "Best_Test_pcc": 0.9341062252124945, "Best_Epoch": 1, "Best_Val_loss": 0.22196777164936066, "_wandb": {"runtime": 89}}