{"Train_loss": 0.23901616036891937, "Val_loss": 0.15885813534259796, "Train_mae": 0.37160754203796387, "Val_mae": 0.3125971257686615, "Train_pcc": 0.922401165523142, "Val_pcc": 0.944055833793774, "Epoch": 4, "_timestamp": 1749615446.3881266, "_runtime": 92.31892156600952, "_step": 6, "Best_Test_loss": 0.22351251542568207, "Best_Test_mae": 0.37269288301467896, "Best_Test_pcc": 0.9188803339364825, "Best_Epoch": 1, "Best_Val_loss": 0.15550898015499115, "_wandb": {"runtime": 90}}