{"Train_loss": 0.26582011580467224, "Val_loss": 0.19348949193954468, "Train_mae": 0.38819849491119385, "Val_mae": 0.334391325712204, "Train_pcc": 0.9114908975719264, "Val_pcc": 0.9323610500304819, "Epoch": 6, "_timestamp": 1749595209.8156352, "_runtime": 127.00323820114136, "_step": 8, "Best_Test_loss": 0.19055727124214172, "Best_Test_mae": 0.3344844877719879, "Best_Test_pcc": 0.9354308878862215, "Best_Epoch": 6, "Best_Val_loss": 0.19348949193954468, "_wandb": {"runtime": 125}}