{"Train_loss": 0.26264724135398865, "Val_loss": 0.21029621362686157, "Train_mae": 0.3949239253997803, "Val_mae": 0.3518901467323303, "Train_pcc": 0.9117381144194425, "Val_pcc": 0.9282911673602884, "Epoch": 6, "_timestamp": 1749613372.0148087, "_runtime": 133.7701277732849, "_step": 8, "Best_Test_loss": 0.23632816970348358, "Best_Test_mae": 0.3712786138057709, "Best_Test_pcc": 0.923715659992606, "Best_Epoch": 6, "Best_Val_loss": 0.21029621362686157, "_wandb": {"runtime": 132}}