{"Train_loss": 0.21728409826755524, "Val_loss": 0.34671369194984436, "Train_mae": 0.35380858182907104, "Val_mae": 0.45787668228149414, "Train_pcc": 0.9229321196841129, "Val_pcc": 0.9404283119885881, "Epoch": 6, "_timestamp": 1749606080.9697866, "_runtime": 132.22174954414368, "_step": 8, "Best_Test_loss": 0.21910223364830017, "Best_Test_mae": 0.34997284412384033, "Best_Test_pcc": 0.9239206532070339, "Best_Epoch": 6, "Best_Val_loss": 0.34671369194984436, "_wandb": {"runtime": 129}}