{"Train_loss": 0.22690564393997192, "Val_loss": 0.3319053649902344, "Train_mae": 0.3574255406856537, "Val_mae": 0.44117051362991333, "Train_pcc": 0.9200431814456823, "Val_pcc": 0.9378065379609779, "Epoch": 6, "_timestamp": 1749645143.564093, "_runtime": 131.5857651233673, "_step": 8, "Best_Test_loss": 0.22929731011390686, "Best_Test_mae": 0.3550106883049011, "Best_Test_pcc": 0.9207120370520161, "Best_Epoch": 5, "Best_Val_loss": 0.3319053649902344, "_wandb": {"runtime": 130}}