{"Train_loss": 0.24841806292533875, "Val_loss": 0.23957540094852448, "Train_mae": 0.38560542464256287, "Val_mae": 0.3932729959487915, "Train_pcc": 0.9183439576492686, "Val_pcc": 0.9147936203978159, "Epoch": 6, "_timestamp": 1749624143.9517362, "_runtime": 132.87413930892944, "_step": 8, "Best_Test_loss": 0.20512086153030396, "Best_Test_mae": 0.36354583501815796, "Best_Test_pcc": 0.9331966220289848, "Best_Epoch": 6, "Best_Val_loss": 0.23957540094852448, "_wandb": {"runtime": 131}}