{"Train_loss": 0.21266230940818787, "Val_loss": 0.20046153664588928, "Train_mae": 0.3561488091945648, "Val_mae": 0.3500474989414215, "Train_pcc": 0.9251678302261386, "Val_pcc": 0.9301102488855884, "Epoch": 4, "_timestamp": 1749608050.4653475, "_runtime": 95.06843662261963, "_step": 6, "Best_Test_loss": 0.32437431812286377, "Best_Test_mae": 0.4425378739833832, "Best_Test_pcc": 0.93937441984801, "Best_Epoch": 1, "Best_Val_loss": 0.1957595944404602, "_wandb": {"runtime": 93}}