{"Train_loss": 0.22546350955963135, "Val_loss": 0.18324701488018036, "Train_mae": 0.36879298090934753, "Val_mae": 0.3401458263397217, "Train_pcc": 0.924309268671763, "Val_pcc": 0.9383718691215875, "Epoch": 6, "_timestamp": 1749600134.3634098, "_runtime": 129.68518686294556, "_step": 8, "Best_Test_loss": 0.19906771183013916, "Best_Test_mae": 0.3511090874671936, "Best_Test_pcc": 0.9374135692740404, "Best_Epoch": 6, "Best_Val_loss": 0.18324701488018036, "_wandb": {"runtime": 127}}