{"Train_loss": 1.8399933576583862, "Val_loss": 1.6859647035598755, "Train_mae": 1.0742075443267822, "Val_mae": 1.022904396057129, "Train_pcc": 0.4937810959698957, "Val_pcc": 0.5175514990463183, "Epoch": 6, "_timestamp": 1749646352.727613, "_runtime": 133.1395719051361, "_step": 8, "Best_Test_loss": 1.5558255910873413, "Best_Test_mae": 0.9833894968032837, "Best_Test_pcc": 0.4903430019665676, "Best_Epoch": 6, "Best_Val_loss": 1.6859647035598755, "_wandb": {"runtime": 130}}