{"Train_loss": 0.24952715635299683, "Val_loss": 0.167966827750206, "Train_mae": 0.38157641887664795, "Val_mae": 0.3216437101364136, "Train_pcc": 0.919216730543858, "Val_pcc": 0.9428299193550418, "Epoch": 6, "_timestamp": 1749615344.4550827, "_runtime": 129.2695827484131, "_step": 8, "Best_Test_loss": 0.23566128313541412, "Best_Test_mae": 0.3858843743801117, "Best_Test_pcc": 0.9189545966546294, "Best_Epoch": 5, "Best_Val_loss": 0.16796498000621796, "_wandb": {"runtime": 128}}