{"Train_loss": 0.24361516535282135, "Val_loss": 0.23970787227153778, "Train_mae": 0.37439605593681335, "Val_mae": 0.38452157378196716, "Train_pcc": 0.9220824957875009, "Val_pcc": 0.9173142211028652, "Epoch": 6, "_timestamp": 1749467471.175204, "_runtime": 42.074806928634644, "_step": 8, "Best_Test_loss": 0.22399887442588806, "Best_Test_mae": 0.37407413125038147, "Best_Test_pcc": 0.9323862092145164, "Best_Epoch": 6, "Best_Val_loss": 0.23970787227153778, "_wandb": {"runtime": 39}}