{"Train_loss": 0.2400803416967392, "Val_loss": 0.23044070601463318, "Train_mae": 0.3688649833202362, "Val_mae": 0.3759368360042572, "Train_pcc": 0.9220507243908775, "Val_pcc": 0.9178993680667695, "Epoch": 6, "_timestamp": 1749467523.839812, "_runtime": 40.22256898880005, "_step": 8, "Best_Test_loss": 0.21784554421901703, "Best_Test_mae": 0.36616626381874084, "Best_Test_pcc": 0.9334718013667835, "Best_Epoch": 5, "Best_Val_loss": 0.22961093485355377, "_wandb": {"runtime": 38}}