{"Train_loss": 0.2153368890285492, "Val_loss": 0.3399001657962799, "Train_mae": 0.352375864982605, "Val_mae": 0.4534287452697754, "Train_pcc": 0.9235951231525329, "Val_pcc": 0.9414673752800883, "Epoch": 6, "_timestamp": 1749619425.0639718, "_runtime": 129.6329107284546, "_step": 8, "Best_Test_loss": 0.21653081476688385, "Best_Test_mae": 0.34900039434432983, "Best_Test_pcc": 0.9248424712683156, "Best_Epoch": 5, "Best_Val_loss": 0.3399001657962799, "_wandb": {"runtime": 126}}