{"Train_loss": 0.2171335220336914, "Val_loss": 0.34756702184677124, "Train_mae": 0.35239824652671814, "Val_mae": 0.45695599913597107, "Train_pcc": 0.9233757505358472, "Val_pcc": 0.9395542540162051, "Epoch": 3, "_timestamp": 1749632488.5184245, "_runtime": 73.697345495224, "_step": 5, "Best_Test_loss": 0.22100503742694855, "Best_Test_mae": 0.3572779893875122, "Best_Test_pcc": 0.9244863315911088, "Best_Epoch": 0, "Best_Val_loss": 0.33579573035240173, "_wandb": {"runtime": 72}}