{"Train_loss": 0.22544407844543457, "Val_loss": 0.18198513984680176, "Train_mae": 0.36387234926223755, "Val_mae": 0.33222055435180664, "Train_pcc": 0.9246367074323752, "Val_pcc": 0.938462386002184, "Epoch": 6, "_timestamp": 1749614094.7173934, "_runtime": 123.43119430541992, "_step": 8, "Best_Test_loss": 0.19144506752490997, "Best_Test_mae": 0.338258296251297, "Best_Test_pcc": 0.9387322403176663, "Best_Epoch": 3, "Best_Val_loss": 0.18197128176689148, "_wandb": {"runtime": 121}}