{"Train_loss": 0.7884076833724976, "Val_loss": 0.8832163214683533, "Train_mae": 0.7001988887786865, "Val_mae": 0.7414091229438782, "Train_pcc": 0.7325628804791412, "Val_pcc": 0.7123086852166275, "Epoch": 6, "_timestamp": 1749638408.0615969, "_runtime": 129.48748683929443, "_step": 8, "Best_Test_loss": 0.6583699584007263, "Best_Test_mae": 0.6594765782356262, "Best_Test_pcc": 0.7602405058131735, "Best_Epoch": 6, "Best_Val_loss": 0.8832163214683533, "_wandb": {"runtime": 128}}