{"Train_loss": 0.5086773037910461, "Val_loss": 0.3569401502609253, "Train_mae": 0.5435985922813416, "Val_mae": 0.46156689524650574, "Train_pcc": 0.8304659629618958, "Val_pcc": 0.8579563934515587, "Epoch": 6, "_timestamp": 1749601075.1501238, "_runtime": 132.73865389823914, "_step": 8, "Best_Test_loss": 0.41463568806648254, "Best_Test_mae": 0.5136460065841675, "Best_Test_pcc": 0.8386553016467764, "Best_Epoch": 6, "Best_Val_loss": 0.3569401502609253, "_wandb": {"runtime": 131}}