{"Train_loss": 0.23622027039527893, "Val_loss": 0.2232484668493271, "Train_mae": 0.36978885531425476, "Val_mae": 0.35716965794563293, "Train_pcc": 0.9215511939349825, "Val_pcc": 0.9230457323555252, "Epoch": 3, "_timestamp": 1749631085.6068962, "_runtime": 69.92545509338379, "_step": 5, "Best_Test_loss": 0.18289436399936676, "Best_Test_mae": 0.3321263790130615, "Best_Test_pcc": 0.9388567955803773, "Best_Epoch": 0, "Best_Val_loss": 0.2223273366689682, "_wandb": {"runtime": 68}}