{"Train_loss": 0.21490620076656342, "Val_loss": 0.1736394166946411, "Train_mae": 0.359982430934906, "Val_mae": 0.3262885808944702, "Train_pcc": 0.9281010160426078, "Val_pcc": 0.941949998379926, "Epoch": 3, "_timestamp": 1749607159.7264626, "_runtime": 72.54968452453613, "_step": 5, "Best_Test_loss": 0.3530290126800537, "Best_Test_mae": 0.41902217268943787, "Best_Test_pcc": 0.8867236446668727, "Best_Epoch": 0, "Best_Val_loss": 0.17298036813735962, "_wandb": {"runtime": 70}}