{"Train_loss": 0.23616737127304077, "Val_loss": 0.20590193569660187, "Train_mae": 0.3741464614868164, "Val_mae": 0.35423892736434937, "Train_pcc": 0.9215745811338447, "Val_pcc": 0.9332894309587136, "Epoch": 3, "_timestamp": 1749467236.546123, "_runtime": 24.65818500518799, "_step": 5, "Best_Test_loss": 0.21915559470653534, "Best_Test_mae": 0.3654284179210663, "Best_Test_pcc": 0.9326659868107099, "Best_Epoch": 0, "Best_Val_loss": 0.20433704555034637, "_wandb": {"runtime": 21}}