{"Train_loss": 0.21883225440979004, "Val_loss": 0.30974310636520386, "Train_mae": 0.36389490962028503, "Val_mae": 0.41142410039901733, "Train_pcc": 0.9277981235119099, "Val_pcc": 0.9007849769559375, "Epoch": 6, "_timestamp": 1749611865.1797247, "_runtime": 133.94033074378967, "_step": 8, "Best_Test_loss": 0.1624779850244522, "Best_Test_mae": 0.31903761625289917, "Best_Test_pcc": 0.9410146173363793, "Best_Epoch": 6, "Best_Val_loss": 0.30974310636520386, "_wandb": {"runtime": 132}}