{"Train_loss": 0.21379363536834717, "Val_loss": 0.20119599997997284, "Train_mae": 0.3570006489753723, "Val_mae": 0.3524528443813324, "Train_pcc": 0.9247322626413418, "Val_pcc": 0.9252476578358699, "Epoch": 6, "_timestamp": 1749648442.5918431, "_runtime": 131.5196590423584, "_step": 8, "Best_Test_loss": 0.33254700899124146, "Best_Test_mae": 0.4525349736213684, "Best_Test_pcc": 0.9406636235710344, "Best_Epoch": 5, "Best_Val_loss": 0.20119598507881165, "_wandb": {"runtime": 129}}