{"Train_loss": 1.733492136001587, "Val_loss": 1.5130759477615356, "Train_mae": 1.0413166284561157, "Val_mae": 0.9933871626853943, "Train_pcc": 0.40045544145094764, "Val_pcc": 0.4228199839889791, "Epoch": 6, "_timestamp": 1749612932.3333302, "_runtime": 130.53767204284668, "_step": 8, "Best_Test_loss": 1.5248205661773682, "Best_Test_mae": 0.9967447519302368, "Best_Test_pcc": 0.42362666220872536, "Best_Epoch": 6, "Best_Val_loss": 1.5130759477615356, "_wandb": {"runtime": 128}}