{"Train_loss": 0.25235942006111145, "Val_loss": 0.3343585431575775, "Train_mae": 0.39763975143432617, "Val_mae": 0.4326339066028595, "Train_pcc": 0.9170631763936788, "Val_pcc": 0.8929370196182872, "Epoch": 6, "_timestamp": 1749624989.1459372, "_runtime": 133.4396800994873, "_step": 8, "Best_Test_loss": 0.19502775371074677, "Best_Test_mae": 0.3512847125530243, "Best_Test_pcc": 0.9280988755334924, "Best_Epoch": 6, "Best_Val_loss": 0.3343585431575775, "_wandb": {"runtime": 131}}