{"Train_loss": 0.2721728980541229, "Val_loss": 0.2069680094718933, "Train_mae": 0.40780726075172424, "Val_mae": 0.3628328740596771, "Train_pcc": 0.9154280841633994, "Val_pcc": 0.934032213033533, "Epoch": 6, "_timestamp": 1749601363.8335195, "_runtime": 131.8065104484558, "_step": 8, "Best_Test_loss": 0.2728745639324188, "Best_Test_mae": 0.41773590445518494, "Best_Test_pcc": 0.9109790371481183, "Best_Epoch": 6, "Best_Val_loss": 0.2069680094718933, "_wandb": {"runtime": 130}}