{"Train_loss": 0.23219728469848633, "Val_loss": 0.22138117253780365, "Train_mae": 0.3609742522239685, "Val_mae": 0.366484671831131, "Train_pcc": 0.9234953777642143, "Val_pcc": 0.9187693801359286, "Epoch": 4, "_timestamp": 1749637429.1664436, "_runtime": 90.51585149765015, "_step": 6, "Best_Test_loss": 0.2064288705587387, "Best_Test_mae": 0.3509403169155121, "Best_Test_pcc": 0.9343609404649409, "Best_Epoch": 1, "Best_Val_loss": 0.2211313545703888, "_wandb": {"runtime": 89}}