{"Train_loss": 0.2608583867549896, "Val_loss": 0.25262144207954407, "Train_mae": 0.390353798866272, "Val_mae": 0.391430526971817, "Train_pcc": 0.9187700241161196, "Val_pcc": 0.9163133678715701, "Epoch": 6, "_timestamp": 1749467416.013317, "_runtime": 44.85416007041931, "_step": 8, "Best_Test_loss": 0.24893544614315033, "Best_Test_mae": 0.3935557007789612, "Best_Test_pcc": 0.9309070872880486, "Best_Epoch": 6, "Best_Val_loss": 0.25262144207954407, "_wandb": {"runtime": 41}}