{"Train_loss": 0.23060666024684906, "Val_loss": 0.21894754469394684, "Train_mae": 0.35704752802848816, "Val_mae": 0.36132070422172546, "Train_pcc": 0.9240385142100073, "Val_pcc": 0.9187732657477171, "Epoch": 4, "_timestamp": 1749637679.3923044, "_runtime": 92.95135045051575, "_step": 6, "Best_Test_loss": 0.211289644241333, "Best_Test_mae": 0.35080936551094055, "Best_Test_pcc": 0.9345857725471923, "Best_Epoch": 1, "Best_Val_loss": 0.2158106565475464, "_wandb": {"runtime": 91}}