{"Train_loss": 10.857254981994629, "Val_loss": 10.344215393066406, "Train_mae": 3.0168981552124023, "Val_mae": 2.923285484313965, "Train_pcc": 0.10733393660531398, "Val_pcc": 0.1150059116208929, "Epoch": 6, "_timestamp": 1749598270.9639757, "_runtime": 132.076899766922, "_step": 8, "Best_Test_loss": 9.568851470947266, "Best_Test_mae": 2.8550870418548584, "Best_Test_pcc": 0.1387755134301862, "Best_Epoch": 6, "Best_Val_loss": 10.344215393066406, "_wandb": {"runtime": 130}}