{"Train_loss": 0.2183438539505005, "Val_loss": 0.17110469937324524, "Train_mae": 0.3656322658061981, "Val_mae": 0.32686540484428406, "Train_pcc": 0.9270577125219259, "Val_pcc": 0.9422648245096148, "Epoch": 5, "_timestamp": 1749647294.8832862, "_runtime": 110.49999213218689, "_step": 7, "Best_Test_loss": 0.3704416751861572, "Best_Test_mae": 0.43063849210739136, "Best_Test_pcc": 0.886039802243498, "Best_Epoch": 2, "Best_Val_loss": 0.17011281847953796, "_wandb": {"runtime": 107}}