{"Train_loss": 11.786128997802734, "Val_loss": 11.280205726623535, "Train_mae": 3.1513500213623047, "Val_mae": 3.092534065246582, "Train_pcc": 0.02933024495946938, "Val_pcc": 0.06420211595697689, "Epoch": 6, "_timestamp": 1749603483.1624541, "_runtime": 136.5911180973053, "_step": 8, "Best_Test_loss": 11.107845306396484, "Best_Test_mae": 3.0601704120635986, "Best_Test_pcc": 0.06826048096290145, "Best_Epoch": 6, "Best_Val_loss": 11.280205726623535, "_wandb": {"runtime": 135}}