{"Train_loss": 0.2699267864227295, "Val_loss": 0.2515190541744232, "Train_mae": 0.38920801877975464, "Val_mae": 0.3863868713378906, "Train_pcc": 0.9110110678650408, "Val_pcc": 0.906874948595929, "Epoch": 6, "_timestamp": 1749636991.4961755, "_runtime": 133.1470115184784, "_step": 8, "Best_Test_loss": 0.23168285191059113, "Best_Test_mae": 0.3713507056236267, "Best_Test_pcc": 0.924295857556541, "Best_Epoch": 6, "Best_Val_loss": 0.2515190541744232, "_wandb": {"runtime": 130}}