{"Train_loss": 0.21779809892177582, "Val_loss": 0.17350442707538605, "Train_mae": 0.36535048484802246, "Val_mae": 0.33131930232048035, "Train_pcc": 0.9271596339329196, "Val_pcc": 0.9418787040699454, "Epoch": 6, "_timestamp": 1749633365.3851805, "_runtime": 129.01918935775757, "_step": 8, "Best_Test_loss": 0.3720304071903229, "Best_Test_mae": 0.4337950050830841, "Best_Test_pcc": 0.8827156996888896, "Best_Epoch": 6, "Best_Val_loss": 0.17350442707538605, "_wandb": {"runtime": 125}}