{"Train_loss": 0.9907671809196472, "Val_loss": 1.0274889469146729, "Train_mae": 0.7578434944152832, "Val_mae": 0.7787389159202576, "Train_pcc": 0.6785559640760797, "Val_pcc": 0.6733809237314066, "Epoch": 6, "_timestamp": 1749617230.6079109, "_runtime": 133.67160296440125, "_step": 8, "Best_Test_loss": 0.9931572079658508, "Best_Test_mae": 0.783237874507904, "Best_Test_pcc": 0.6884426183485157, "Best_Epoch": 6, "Best_Val_loss": 1.0274889469146729, "_wandb": {"runtime": 132}}