{"Train_loss": 1.0937416553497314, "Val_loss": 0.9323942065238953, "Train_mae": 0.8133470416069031, "Val_mae": 0.7705605626106262, "Train_pcc": 0.6777640550560888, "Val_pcc": 0.6652438931527634, "Epoch": 6, "_timestamp": 1749596659.7216053, "_runtime": 147.7377073764801, "_step": 8, "Best_Test_loss": 0.9949012398719788, "Best_Test_mae": 0.7811176180839539, "Best_Test_pcc": 0.7061991696059164, "Best_Epoch": 6, "Best_Val_loss": 0.9323942065238953, "_wandb": {"runtime": 145}}