{"Train_loss": 0.21706733107566833, "Val_loss": 0.311452180147171, "Train_mae": 0.3616367280483246, "Val_mae": 0.4118000268936157, "Train_pcc": 0.9283943960134847, "Val_pcc": 0.9002471258355221, "Epoch": 6, "_timestamp": 1749598708.375799, "_runtime": 133.09874200820923, "_step": 8, "Best_Test_loss": 0.16219395399093628, "Best_Test_mae": 0.3156608045101166, "Best_Test_pcc": 0.9409205355582726, "Best_Epoch": 6, "Best_Val_loss": 0.311452180147171, "_wandb": {"runtime": 130}}