{"Train_loss": 0.2537650465965271, "Val_loss": 0.198939248919487, "Train_mae": 0.3795436918735504, "Val_mae": 0.3375779688358307, "Train_pcc": 0.9162337919304602, "Val_pcc": 0.9326236490925133, "Epoch": 6, "_timestamp": 1749632752.9563208, "_runtime": 136.18973684310913, "_step": 8, "Best_Test_loss": 0.41585224866867065, "Best_Test_mae": 0.4521379768848419, "Best_Test_pcc": 0.8739198429063881, "Best_Epoch": 6, "Best_Val_loss": 0.198939248919487, "_wandb": {"runtime": 134}}