{"Train_loss": 11.500125885009766, "Val_loss": 12.215278625488281, "Train_mae": 3.122480869293213, "Val_mae": 3.26141095161438, "Train_pcc": 0.09869718936920961, "Val_pcc": 0.12415814412542067, "Epoch": 6, "_timestamp": 1749595069.8739765, "_runtime": 139.75634741783142, "_step": 8, "Best_Test_loss": 12.08110523223877, "Best_Test_mae": 3.230914831161499, "Best_Test_pcc": 0.1288685994494228, "Best_Epoch": 6, "Best_Val_loss": 12.215278625488281, "_wandb": {"runtime": 137}}