{"Train_loss": 0.23132430016994476, "Val_loss": 0.2232264131307602, "Train_mae": 0.35999390482902527, "Val_mae": 0.36997586488723755, "Train_pcc": 0.9240236499619965, "Val_pcc": 0.9187688824513168, "Epoch": 6, "_timestamp": 1749610361.2536232, "_runtime": 130.99912333488464, "_step": 8, "Best_Test_loss": 0.20229417085647583, "Best_Test_mae": 0.34987878799438477, "Best_Test_pcc": 0.934407047682449, "Best_Epoch": 6, "Best_Val_loss": 0.2232264131307602, "_wandb": {"runtime": 129}}