{"Train_loss": 0.22808124125003815, "Val_loss": 0.21217074990272522, "Train_mae": 0.35109105706214905, "Val_mae": 0.34059369564056396, "Train_pcc": 0.9197268827258741, "Val_pcc": 0.9205922199016822, "Epoch": 6, "_timestamp": 1749635277.5020943, "_runtime": 131.88513016700745, "_step": 8, "Best_Test_loss": 0.38523125648498535, "Best_Test_mae": 0.4697633683681488, "Best_Test_pcc": 0.9293170104098121, "Best_Epoch": 6, "Best_Val_loss": 0.21217074990272522, "_wandb": {"runtime": 129}}