{"Train_loss": 0.2645280957221985, "Val_loss": 0.1827319860458374, "Train_mae": 0.3933921754360199, "Val_mae": 0.33355259895324707, "Train_pcc": 0.9144150182497668, "Val_pcc": 0.9415706018367391, "Epoch": 6, "_timestamp": 1749615203.417857, "_runtime": 133.20752096176147, "_step": 8, "Best_Test_loss": 0.25738149881362915, "Best_Test_mae": 0.40197139978408813, "Best_Test_pcc": 0.9163202334879179, "Best_Epoch": 6, "Best_Val_loss": 0.1827319860458374, "_wandb": {"runtime": 132}}