{"Train_loss": 0.25538086891174316, "Val_loss": 0.21632879972457886, "Train_mae": 0.3899698555469513, "Val_mae": 0.3619796931743622, "Train_pcc": 0.9151783925518808, "Val_pcc": 0.931281840070672, "Epoch": 6, "_timestamp": 1749615728.0778325, "_runtime": 132.36576652526855, "_step": 8, "Best_Test_loss": 0.2314278483390808, "Best_Test_mae": 0.37910130620002747, "Best_Test_pcc": 0.913416723013212, "Best_Epoch": 6, "Best_Val_loss": 0.21632879972457886, "_wandb": {"runtime": 131}}