{"Train_loss": 0.24478885531425476, "Val_loss": 0.19152036309242249, "Train_mae": 0.38172560930252075, "Val_mae": 0.34773993492126465, "Train_pcc": 0.9185887185065902, "Val_pcc": 0.9348612187988009, "Epoch": 3, "_timestamp": 1749609360.0228467, "_runtime": 71.34752058982849, "_step": 5, "Best_Test_loss": 0.177934929728508, "Best_Test_mae": 0.3371009826660156, "Best_Test_pcc": 0.9399936338462125, "Best_Epoch": 0, "Best_Val_loss": 0.19142554700374603, "_wandb": {"runtime": 69}}