{"Train_loss": 0.22903171181678772, "Val_loss": 0.2094883769750595, "Train_mae": 0.36661267280578613, "Val_mae": 0.35596343874931335, "Train_pcc": 0.9240377647124455, "Val_pcc": 0.9336866760115899, "Epoch": 3, "_timestamp": 1749467141.0418549, "_runtime": 23.829802751541138, "_step": 5, "Best_Test_loss": 0.22027602791786194, "Best_Test_mae": 0.3657892942428589, "Best_Test_pcc": 0.9335595917326602, "Best_Epoch": 0, "Best_Val_loss": 0.205877423286438, "_wandb": {"runtime": 21}}