{"Train_loss": 0.23446887731552124, "Val_loss": 0.20623819530010223, "Train_mae": 0.37268099188804626, "Val_mae": 0.35531240701675415, "Train_pcc": 0.9221596735556059, "Val_pcc": 0.9326254726168317, "Epoch": 4, "_timestamp": 1749467327.9244893, "_runtime": 28.23067331314087, "_step": 6, "Best_Test_loss": 0.2245791107416153, "Best_Test_mae": 0.371056467294693, "Best_Test_pcc": 0.9306667598319179, "Best_Epoch": 1, "Best_Val_loss": 0.20539623498916626, "_wandb": {"runtime": 27}}