{"Train_loss": 0.23876984417438507, "Val_loss": 0.40634867548942566, "Train_mae": 0.3710862398147583, "Val_mae": 0.5007870197296143, "Train_pcc": 0.915449704247452, "Val_pcc": 0.9296925451894567, "Epoch": 6, "_timestamp": 1749631620.970649, "_runtime": 135.80449891090393, "_step": 8, "Best_Test_loss": 0.2413763701915741, "Best_Test_mae": 0.36806023120880127, "Best_Test_pcc": 0.9165652516410225, "Best_Epoch": 6, "Best_Val_loss": 0.40634867548942566, "_wandb": {"runtime": 132}}