{"Train_loss": 0.2565646767616272, "Val_loss": 0.17508924007415771, "Train_mae": 0.3873472511768341, "Val_mae": 0.32762542366981506, "Train_pcc": 0.9166665400733057, "Val_pcc": 0.9420076708532326, "Epoch": 6, "_timestamp": 1749601218.7172124, "_runtime": 127.99318647384644, "_step": 8, "Best_Test_loss": 0.2526589035987854, "Best_Test_mae": 0.40121445059776306, "Best_Test_pcc": 0.9165385495216373, "Best_Epoch": 6, "Best_Val_loss": 0.17508924007415771, "_wandb": {"runtime": 126}}