{"Train_loss": 0.23361729085445404, "Val_loss": 0.19469770789146423, "Train_mae": 0.36779025197029114, "Val_mae": 0.3422578275203705, "Train_pcc": 0.9228671721199876, "Val_pcc": 0.9379177161476762, "Epoch": 4, "_timestamp": 1749629434.9487066, "_runtime": 90.422527551651, "_step": 6, "Best_Test_loss": 0.2225676327943802, "Best_Test_mae": 0.3697080612182617, "Best_Test_pcc": 0.9194974150111197, "Best_Epoch": 1, "Best_Val_loss": 0.1945410519838333, "_wandb": {"runtime": 87}}