{"Train_loss": 0.20693475008010864, "Val_loss": 0.1954887956380844, "Train_mae": 0.3488454520702362, "Val_mae": 0.3432353436946869, "Train_pcc": 0.9271261466756626, "Val_pcc": 0.9286381784601203, "Epoch": 3, "_timestamp": 1749648149.1666503, "_runtime": 69.78780436515808, "_step": 5, "Best_Test_loss": 0.32345569133758545, "Best_Test_mae": 0.44007381796836853, "Best_Test_pcc": 0.9411543966017433, "Best_Epoch": 0, "Best_Val_loss": 0.19546212255954742, "_wandb": {"runtime": 68}}