{"Train_loss": 0.23159614205360413, "Val_loss": 0.19533807039260864, "Train_mae": 0.36574190855026245, "Val_mae": 0.3414514660835266, "Train_pcc": 0.9235546516020443, "Val_pcc": 0.9380407171922627, "Epoch": 6, "_timestamp": 1749616397.8649464, "_runtime": 129.6166763305664, "_step": 8, "Best_Test_loss": 0.21900010108947754, "Best_Test_mae": 0.3643546402454376, "Best_Test_pcc": 0.9185562365659423, "Best_Epoch": 6, "Best_Val_loss": 0.19533807039260864, "_wandb": {"runtime": 127}}