{"Train_loss": 0.21477876603603363, "Val_loss": 0.3377550542354584, "Train_mae": 0.3545306622982025, "Val_mae": 0.45470866560935974, "Train_pcc": 0.9237890583591052, "Val_pcc": 0.9421724115167165, "Epoch": 6, "_timestamp": 1749645604.5293076, "_runtime": 128.50402569770813, "_step": 8, "Best_Test_loss": 0.21587146818637848, "Best_Test_mae": 0.3538667857646942, "Best_Test_pcc": 0.9251383325866823, "Best_Epoch": 3, "Best_Val_loss": 0.33765706419944763, "_wandb": {"runtime": 125}}