{"Train_loss": 0.21772213280200958, "Val_loss": 0.3086048364639282, "Train_mae": 0.3623126745223999, "Val_mae": 0.4082072675228119, "Train_pcc": 0.9282622150545714, "Val_pcc": 0.9013346639843517, "Epoch": 3, "_timestamp": 1749639075.1547103, "_runtime": 71.61253333091736, "_step": 5, "Best_Test_loss": 0.15931372344493866, "Best_Test_mae": 0.3123007118701935, "Best_Test_pcc": 0.941859880333541, "Best_Epoch": 0, "Best_Val_loss": 0.3081039786338806, "_wandb": {"runtime": 69}}