{"Train_loss": 2.2434301376342773, "Val_loss": 1.910220742225647, "Train_mae": 1.221610426902771, "Val_mae": 1.1384364366531372, "Train_pcc": 0.41686212290768776, "Val_pcc": 0.43519039511688434, "Epoch": 6, "_timestamp": 1749639476.491715, "_runtime": 140.19466090202332, "_step": 8, "Best_Test_loss": 1.8815919160842896, "Best_Test_mae": 1.1136412620544434, "Best_Test_pcc": 0.44102987094812646, "Best_Epoch": 6, "Best_Val_loss": 1.910220742225647, "_wandb": {"runtime": 139}}