{"Train_loss": 0.21619413793087006, "Val_loss": 0.19921298325061798, "Train_mae": 0.36003798246383667, "Val_mae": 0.35189417004585266, "Train_pcc": 0.9238250608819728, "Val_pcc": 0.9263502206600507, "Epoch": 6, "_timestamp": 1749621758.0257978, "_runtime": 134.08452773094177, "_step": 8, "Best_Test_loss": 0.3436366021633148, "Best_Test_mae": 0.45846980810165405, "Best_Test_pcc": 0.9400629210323364, "Best_Epoch": 6, "Best_Val_loss": 0.19921298325061798, "_wandb": {"runtime": 132}}