{"Train_loss": 0.21512371301651, "Val_loss": 0.17311404645442963, "Train_mae": 0.3606147766113281, "Val_mae": 0.32660943269729614, "Train_pcc": 0.9280259689531657, "Val_pcc": 0.9420808972165053, "Epoch": 3, "_timestamp": 1749620632.1806433, "_runtime": 71.9364562034607, "_step": 5, "Best_Test_loss": 0.3564690351486206, "Best_Test_mae": 0.4215392768383026, "Best_Test_pcc": 0.8863937953831745, "Best_Epoch": 0, "Best_Val_loss": 0.17199929058551788, "_wandb": {"runtime": 70}}