{"Train_loss": 0.21627593040466309, "Val_loss": 0.17535735666751862, "Train_mae": 0.3616039454936981, "Val_mae": 0.3276100158691406, "Train_pcc": 0.9276778461161701, "Val_pcc": 0.9418648958898328, "Epoch": 6, "_timestamp": 1749633791.454068, "_runtime": 131.21241402626038, "_step": 8, "Best_Test_loss": 0.3716362416744232, "Best_Test_mae": 0.4300696551799774, "Best_Test_pcc": 0.8821568569874104, "Best_Epoch": 6, "Best_Val_loss": 0.17535735666751862, "_wandb": {"runtime": 129}}