{"Train_loss": 1.5253385305404663, "Val_loss": 1.298143982887268, "Train_mae": 0.9741678237915039, "Val_mae": 0.8997002243995667, "Train_pcc": 0.5459857657238717, "Val_pcc": 0.5517859506678187, "Epoch": 6, "_timestamp": 1749634102.9258993, "_runtime": 137.13702821731567, "_step": 8, "Best_Test_loss": 1.8111366033554077, "Best_Test_mae": 1.0765864849090576, "Best_Test_pcc": 0.5542774978714378, "Best_Epoch": 6, "Best_Val_loss": 1.298143982887268, "_wandb": {"runtime": 135}}