{"Train_loss": 0.25729620456695557, "Val_loss": 0.2290177196264267, "Train_mae": 0.38163891434669495, "Val_mae": 0.36511358618736267, "Train_pcc": 0.9147762390352483, "Val_pcc": 0.9273913154213795, "Epoch": 6, "_timestamp": 1749629186.1490116, "_runtime": 131.50251364707947, "_step": 8, "Best_Test_loss": 0.23651717603206635, "Best_Test_mae": 0.37609678506851196, "Best_Test_pcc": 0.9133387085871114, "Best_Epoch": 6, "Best_Val_loss": 0.2290177196264267, "_wandb": {"runtime": 128}}