{"Train_loss": 0.21816381812095642, "Val_loss": 0.3076164126396179, "Train_mae": 0.36546608805656433, "Val_mae": 0.41133570671081543, "Train_pcc": 0.9282651013524245, "Val_pcc": 0.901481821865881, "Epoch": 6, "_timestamp": 1749626210.5212023, "_runtime": 124.2308714389801, "_step": 8, "Best_Test_loss": 0.15890130400657654, "Best_Test_mae": 0.31640708446502686, "Best_Test_pcc": 0.9410865459318037, "Best_Epoch": 5, "Best_Val_loss": 0.30761390924453735, "_wandb": {"runtime": 123}}