{"Train_loss": 0.23823638260364532, "Val_loss": 0.18879862129688263, "Train_mae": 0.3771064877510071, "Val_mae": 0.34471821784973145, "Train_pcc": 0.9210269468519344, "Val_pcc": 0.9356110287516185, "Epoch": 5, "_timestamp": 1749595896.0264766, "_runtime": 132.81134557724, "_step": 7, "Best_Test_loss": 0.17339031398296356, "Best_Test_mae": 0.33289945125579834, "Best_Test_pcc": 0.9417080250975052, "Best_Epoch": 2, "Best_Val_loss": 0.18768465518951416, "_wandb": {"runtime": 131}}