{"Train_loss": 1.8915289640426636, "Val_loss": 1.4706542491912842, "Train_mae": 1.0657786130905151, "Val_mae": 0.9038978219032288, "Train_pcc": 0.4686421862597987, "Val_pcc": 0.47598453255663187, "Epoch": 6, "_timestamp": 1749614394.4814696, "_runtime": 133.9582896232605, "_step": 8, "Best_Test_loss": 1.4468916654586792, "Best_Test_mae": 0.9073657393455505, "Best_Test_pcc": 0.48676245878551067, "Best_Epoch": 6, "Best_Val_loss": 1.4706542491912842, "_wandb": {"runtime": 132}}