{"Train_loss": 0.22032710909843445, "Val_loss": 0.17422690987586975, "Train_mae": 0.37251752614974976, "Val_mae": 0.3343360722064972, "Train_pcc": 0.9266002958971458, "Val_pcc": 0.9410214302073963, "Epoch": 6, "_timestamp": 1749647085.297174, "_runtime": 133.663232088089, "_step": 8, "Best_Test_loss": 0.3687973916530609, "Best_Test_mae": 0.4341081380844116, "Best_Test_pcc": 0.885101218089373, "Best_Epoch": 6, "Best_Val_loss": 0.17422690987586975, "_wandb": {"runtime": 131}}