{"Train_loss": 9.262993812561035, "Val_loss": 8.099264144897461, "Train_mae": 2.811567783355713, "Val_mae": 2.648143768310547, "Train_pcc": 0.3189466950763406, "Val_pcc": 0.46055420391062174, "Epoch": 6, "_timestamp": 1749607394.7625008, "_runtime": 135.89155983924866, "_step": 8, "Best_Test_loss": 9.092597007751465, "Best_Test_mae": 2.707376003265381, "Best_Test_pcc": 0.4414684730716453, "Best_Epoch": 6, "Best_Val_loss": 8.099264144897461, "_wandb": {"runtime": 134}}