{"Train_loss": 0.7763375639915466, "Val_loss": 0.6655147671699524, "Train_mae": 0.6722633838653564, "Val_mae": 0.6200050711631775, "Train_pcc": 0.7419087838452325, "Val_pcc": 0.7706845520920622, "Epoch": 6, "_timestamp": 1749646644.6397421, "_runtime": 135.3258020877838, "_step": 8, "Best_Test_loss": 0.7585284113883972, "Best_Test_mae": 0.6722185611724854, "Best_Test_pcc": 0.7248249837797132, "Best_Epoch": 6, "Best_Val_loss": 0.6655147671699524, "_wandb": {"runtime": 133}}