{"Train_loss": 0.21614274382591248, "Val_loss": 0.3081994950771332, "Train_mae": 0.3609280586242676, "Val_mae": 0.4081299304962158, "Train_pcc": 0.9288589076062471, "Val_pcc": 0.9013180266426623, "Epoch": 3, "_timestamp": 1749625974.1354914, "_runtime": 71.76999545097351, "_step": 5, "Best_Test_loss": 0.16132508218288422, "Best_Test_mae": 0.3175717890262604, "Best_Test_pcc": 0.941172319244013, "Best_Epoch": 0, "Best_Val_loss": 0.30772262811660767, "_wandb": {"runtime": 70}}