{"Train_loss": 0.23193736374378204, "Val_loss": 0.22409942746162415, "Train_mae": 0.35932719707489014, "Val_mae": 0.36880773305892944, "Train_pcc": 0.9235949958552534, "Val_pcc": 0.918713126346237, "Epoch": 3, "_timestamp": 1749637326.9816308, "_runtime": 72.29513573646545, "_step": 5, "Best_Test_loss": 0.20423537492752075, "Best_Test_mae": 0.3495068848133087, "Best_Test_pcc": 0.9343947070279197, "Best_Epoch": 0, "Best_Val_loss": 0.22228895127773285, "_wandb": {"runtime": 71}}