{"Train_loss": 0.23798006772994995, "Val_loss": 0.22554707527160645, "Train_mae": 0.37745171785354614, "Val_mae": 0.36540815234184265, "Train_pcc": 0.9209534478538612, "Val_pcc": 0.9219466339887558, "Epoch": 6, "_timestamp": 1749604569.9732475, "_runtime": 126.41430044174194, "_step": 8, "Best_Test_loss": 0.18263888359069824, "Best_Test_mae": 0.33954334259033203, "Best_Test_pcc": 0.9382508320271297, "Best_Epoch": 4, "Best_Val_loss": 0.22550010681152344, "_wandb": {"runtime": 125}}