{"Train_loss": 0.22806507349014282, "Val_loss": 0.1834786832332611, "Train_mae": 0.3626135587692261, "Val_mae": 0.33246687054634094, "Train_pcc": 0.9236326559966959, "Val_pcc": 0.9379734838254575, "Epoch": 6, "_timestamp": 1749639802.0083363, "_runtime": 159.4108064174652, "_step": 8, "Best_Test_loss": 0.19688932597637177, "Best_Test_mae": 0.3415853679180145, "Best_Test_pcc": 0.9378932772854857, "Best_Epoch": 6, "Best_Val_loss": 0.1834786832332611, "_wandb": {"runtime": 156}}