{"Train_loss": 0.22486533224582672, "Val_loss": 0.18211348354816437, "Train_mae": 0.36603227257728577, "Val_mae": 0.336519718170166, "Train_pcc": 0.9245088085772808, "Val_pcc": 0.9386282615466736, "Epoch": 6, "_timestamp": 1749600269.5481052, "_runtime": 124.7089741230011, "_step": 8, "Best_Test_loss": 0.19600196182727814, "Best_Test_mae": 0.34579408168792725, "Best_Test_pcc": 0.9382259037318966, "Best_Epoch": 5, "Best_Val_loss": 0.18211348354816437, "_wandb": {"runtime": 123}}