{"Train_loss": 0.22998015582561493, "Val_loss": 0.19438092410564423, "Train_mae": 0.36393871903419495, "Val_mae": 0.3412802219390869, "Train_pcc": 0.9239364726248791, "Val_pcc": 0.9382245693230975, "Epoch": 5, "_timestamp": 1749616515.641039, "_runtime": 106.99056577682495, "_step": 7, "Best_Test_loss": 0.2370215207338333, "Best_Test_mae": 0.3821861743927002, "Best_Test_pcc": 0.9163432792100461, "Best_Epoch": 2, "Best_Val_loss": 0.19354641437530518, "_wandb": {"runtime": 105}}