{"Train_loss": 0.2175251543521881, "Val_loss": 0.17393770813941956, "Train_mae": 0.3599207103252411, "Val_mae": 0.32526206970214844, "Train_pcc": 0.9272863778243373, "Val_pcc": 0.9423663229340684, "Epoch": 3, "_timestamp": 1749620717.472369, "_runtime": 71.93817496299744, "_step": 5, "Best_Test_loss": 0.36519354581832886, "Best_Test_mae": 0.42622312903404236, "Best_Test_pcc": 0.886529232444425, "Best_Epoch": 0, "Best_Val_loss": 0.17027835547924042, "_wandb": {"runtime": 70}}