{"Train_loss": 0.23689712584018707, "Val_loss": 0.19503039121627808, "Train_mae": 0.37746763229370117, "Val_mae": 0.34867873787879944, "Train_pcc": 0.9220560785817706, "Val_pcc": 0.9369009279357519, "Epoch": 6, "_timestamp": 1749629677.7011554, "_runtime": 127.62715435028076, "_step": 8, "Best_Test_loss": 0.23518946766853333, "Best_Test_mae": 0.38595718145370483, "Best_Test_pcc": 0.9174204110684671, "Best_Epoch": 6, "Best_Val_loss": 0.19503039121627808, "_wandb": {"runtime": 126}}