{"Train_loss": 0.2308722883462906, "Val_loss": 0.21756528317928314, "Train_mae": 0.3593989908695221, "Val_mae": 0.36293211579322815, "Train_pcc": 0.9241464251161736, "Val_pcc": 0.9189110448843576, "Epoch": 3, "_timestamp": 1749624624.0677085, "_runtime": 72.05783343315125, "_step": 5, "Best_Test_loss": 0.2085874229669571, "Best_Test_mae": 0.3529863953590393, "Best_Test_pcc": 0.9340250569765247, "Best_Epoch": 0, "Best_Val_loss": 0.21714173257350922, "_wandb": {"runtime": 70}}