{"Train_loss": 0.2471393495798111, "Val_loss": 0.20674914121627808, "Train_mae": 0.37863489985466003, "Val_mae": 0.34981369972229004, "Train_pcc": 0.9170603823645816, "Val_pcc": 0.9326763312477078, "Epoch": 6, "_timestamp": 1749599710.9561067, "_runtime": 129.26772165298462, "_step": 8, "Best_Test_loss": 0.22511690855026245, "Best_Test_mae": 0.36202096939086914, "Best_Test_pcc": 0.9321427527624733, "Best_Epoch": 6, "Best_Val_loss": 0.20674914121627808, "_wandb": {"runtime": 128}}