{"Train_loss": 0.21524149179458618, "Val_loss": 0.17178235948085785, "Train_mae": 0.36336764693260193, "Val_mae": 0.3283167779445648, "Train_pcc": 0.9279818978875921, "Val_pcc": 0.9427340093961472, "Epoch": 3, "_timestamp": 1749633649.8051064, "_runtime": 71.17478847503662, "_step": 5, "Best_Test_loss": 0.37072551250457764, "Best_Test_mae": 0.4323267638683319, "Best_Test_pcc": 0.882737841455627, "Best_Epoch": 0, "Best_Val_loss": 0.17174723744392395, "_wandb": {"runtime": 69}}