{"Train_loss": 0.2403620481491089, "Val_loss": 0.22366006672382355, "Train_mae": 0.37828510999679565, "Val_mae": 0.3656429946422577, "Train_pcc": 0.9203862119101202, "Val_pcc": 0.9230222500869198, "Epoch": 6, "_timestamp": 1749643840.6975796, "_runtime": 127.60965871810913, "_step": 8, "Best_Test_loss": 0.18238703906536102, "Best_Test_mae": 0.3399060368537903, "Best_Test_pcc": 0.9382353846889366, "Best_Epoch": 3, "Best_Val_loss": 0.22362728416919708, "_wandb": {"runtime": 126}}