{"Train_loss": 0.25696197152137756, "Val_loss": 0.24760811030864716, "Train_mae": 0.3859490752220154, "Val_mae": 0.3938581645488739, "Train_pcc": 0.9152687647314917, "Val_pcc": 0.9105766826732117, "Epoch": 6, "_timestamp": 1749596830.2120876, "_runtime": 159.10949158668518, "_step": 8, "Best_Test_loss": 0.22146975994110107, "Best_Test_mae": 0.3735811114311218, "Best_Test_pcc": 0.9289576592935335, "Best_Epoch": 6, "Best_Val_loss": 0.24760811030864716, "_wandb": {"runtime": 156}}