{"Train_loss": 1.8445757627487183, "Val_loss": 1.5475542545318604, "Train_mae": 1.0214763879776, "Val_mae": 0.9186817407608032, "Train_pcc": 0.4535881158387771, "Val_pcc": 0.4903049427548607, "Epoch": 6, "_timestamp": 1749599568.933086, "_runtime": 129.7745258808136, "_step": 8, "Best_Test_loss": 1.5689473152160645, "Best_Test_mae": 0.9150449633598328, "Best_Test_pcc": 0.4782833950341793, "Best_Epoch": 6, "Best_Val_loss": 1.5475542545318604, "_wandb": {"runtime": 128}}