{"Train_loss": 0.23999454081058502, "Val_loss": 0.1537216603755951, "Train_mae": 0.3712925612926483, "Val_mae": 0.30658403038978577, "Train_pcc": 0.9222547208048509, "Val_pcc": 0.9433432288497325, "Epoch": 4, "_timestamp": 1749628435.590718, "_runtime": 93.44640898704529, "_step": 6, "Best_Test_loss": 0.2150859236717224, "Best_Test_mae": 0.36673569679260254, "Best_Test_pcc": 0.9190735799724676, "Best_Epoch": 1, "Best_Val_loss": 0.14928503334522247, "_wandb": {"runtime": 90}}