{"Train_loss": 0.2174833118915558, "Val_loss": 0.30873560905456543, "Train_mae": 0.3600015640258789, "Val_mae": 0.4078686237335205, "Train_pcc": 0.9282698787131307, "Val_pcc": 0.9011336881622677, "Epoch": 3, "_timestamp": 1749612054.494076, "_runtime": 70.92910194396973, "_step": 5, "Best_Test_loss": 0.16784332692623138, "Best_Test_mae": 0.32018911838531494, "Best_Test_pcc": 0.9409422896407085, "Best_Epoch": 0, "Best_Val_loss": 0.3082745671272278, "_wandb": {"runtime": 69}}