{"Train_loss": 0.21979135274887085, "Val_loss": 0.19951245188713074, "Train_mae": 0.357626736164093, "Val_mae": 0.3459335267543793, "Train_pcc": 0.9229395130268695, "Val_pcc": 0.926089986098716, "Epoch": 3, "_timestamp": 1749634906.9854064, "_runtime": 71.24767827987671, "_step": 5, "Best_Test_loss": 0.33680829405784607, "Best_Test_mae": 0.44747039675712585, "Best_Test_pcc": 0.938130382610345, "Best_Epoch": 0, "Best_Val_loss": 0.19948582351207733, "_wandb": {"runtime": 70}}