{"Train_loss": 1.80930757522583, "Val_loss": 1.5810472965240479, "Train_mae": 1.0671616792678833, "Val_mae": 1.016573429107666, "Train_pcc": 0.38166084959841406, "Val_pcc": 0.39899986335314686, "Epoch": 6, "_timestamp": 1749612788.9722455, "_runtime": 131.86441445350647, "_step": 8, "Best_Test_loss": 1.5922777652740479, "Best_Test_mae": 1.0197187662124634, "Best_Test_pcc": 0.3998445424342594, "Best_Epoch": 6, "Best_Val_loss": 1.5810472965240479, "_wandb": {"runtime": 130}}