{"Train_loss": 0.2244066596031189, "Val_loss": 0.34620699286460876, "Train_mae": 0.3684277832508087, "Val_mae": 0.4638766050338745, "Train_pcc": 0.9203581872915436, "Val_pcc": 0.9396704875677269, "Epoch": 6, "_timestamp": 1749605607.2469678, "_runtime": 130.79913187026978, "_step": 8, "Best_Test_loss": 0.22627685964107513, "Best_Test_mae": 0.36715206503868103, "Best_Test_pcc": 0.9216786276511012, "Best_Epoch": 6, "Best_Val_loss": 0.34620699286460876, "_wandb": {"runtime": 128}}