{"Train_loss": 0.24153760075569153, "Val_loss": 0.23274630308151245, "Train_mae": 0.3769778907299042, "Val_mae": 0.36890438199043274, "Train_pcc": 0.9197221073932825, "Val_pcc": 0.9200430638463095, "Epoch": 6, "_timestamp": 1749644706.6847253, "_runtime": 132.83496737480164, "_step": 8, "Best_Test_loss": 0.1852073073387146, "Best_Test_mae": 0.33875682950019836, "Best_Test_pcc": 0.9377606358055333, "Best_Epoch": 6, "Best_Val_loss": 0.23274630308151245, "_wandb": {"runtime": 131}}