{"Train_loss": 0.2358318567276001, "Val_loss": 0.19260340929031372, "Train_mae": 0.3721923232078552, "Val_mae": 0.3436232805252075, "Train_pcc": 0.9216667759075657, "Val_pcc": 0.9360199485844792, "Epoch": 3, "_timestamp": 1749596324.9887927, "_runtime": 82.64884066581726, "_step": 5, "Best_Test_loss": 0.17639368772506714, "Best_Test_mae": 0.33037251234054565, "Best_Test_pcc": 0.9419009810582699, "Best_Epoch": 0, "Best_Val_loss": 0.19160208106040955, "_wandb": {"runtime": 81}}