{"Train_loss": 0.22599169611930847, "Val_loss": 0.35239338874816895, "Train_mae": 0.3556678295135498, "Val_mae": 0.45787158608436584, "Train_pcc": 0.9199237737433067, "Val_pcc": 0.938561724757765, "Epoch": 3, "_timestamp": 1749619510.6603491, "_runtime": 73.5023422241211, "_step": 5, "Best_Test_loss": 0.2574431598186493, "Best_Test_mae": 0.39894822239875793, "Best_Test_pcc": 0.9144479326705485, "Best_Epoch": 0, "Best_Val_loss": 0.35103991627693176, "_wandb": {"runtime": 70}}