{"Train_loss": 0.21200531721115112, "Val_loss": 0.2018469125032425, "Train_mae": 0.35555723309516907, "Val_mae": 0.3527145981788635, "Train_pcc": 0.9254839287187533, "Val_pcc": 0.9248192582675654, "Epoch": 6, "_timestamp": 1749648300.2494674, "_runtime": 131.15857338905334, "_step": 8, "Best_Test_loss": 0.33468425273895264, "Best_Test_mae": 0.45416516065597534, "Best_Test_pcc": 0.9404345062625137, "Best_Epoch": 6, "Best_Val_loss": 0.2018469125032425, "_wandb": {"runtime": 129}}