{"Train_loss": 0.23176388442516327, "Val_loss": 0.22251997888088226, "Train_mae": 0.3598761558532715, "Val_mae": 0.3679801821708679, "Train_pcc": 0.9236448332181308, "Val_pcc": 0.9189182322042615, "Epoch": 3, "_timestamp": 1749610447.6414628, "_runtime": 73.32332682609558, "_step": 5, "Best_Test_loss": 0.2061164230108261, "Best_Test_mae": 0.35074710845947266, "Best_Test_pcc": 0.9343987390106565, "Best_Epoch": 0, "Best_Val_loss": 0.21749499440193176, "_wandb": {"runtime": 72}}