{"Train_loss": 8.894469261169434, "Val_loss": 7.806209564208984, "Train_mae": 2.738539218902588, "Val_mae": 2.578227996826172, "Train_pcc": 0.287065621998614, "Val_pcc": 0.4086875049703814, "Epoch": 6, "_timestamp": 1749621163.338621, "_runtime": 132.96805500984192, "_step": 8, "Best_Test_loss": 8.843960762023926, "Best_Test_mae": 2.6486294269561768, "Best_Test_pcc": 0.4182168598415362, "Best_Epoch": 6, "Best_Val_loss": 7.806209564208984, "_wandb": {"runtime": 131}}