{"Train_loss": 1.9179613590240479, "Val_loss": 1.7582465410232544, "Train_mae": 1.1030795574188232, "Val_mae": 1.048079490661621, "Train_pcc": 0.47972277970521165, "Val_pcc": 0.502613850432511, "Epoch": 6, "_timestamp": 1749646205.2386322, "_runtime": 131.7401843070984, "_step": 8, "Best_Test_loss": 1.614818811416626, "Best_Test_mae": 1.0042011737823486, "Best_Test_pcc": 0.47659154747039745, "Best_Epoch": 6, "Best_Val_loss": 1.7582465410232544, "_wandb": {"runtime": 130}}