{"Train_loss": 0.20909681916236877, "Val_loss": 0.19960133731365204, "Train_mae": 0.3528573513031006, "Val_mae": 0.34920066595077515, "Train_pcc": 0.9264047615060098, "Val_pcc": 0.9271263655363332, "Epoch": 6, "_timestamp": 1749622199.7823, "_runtime": 134.13357210159302, "_step": 8, "Best_Test_loss": 0.3227629065513611, "Best_Test_mae": 0.44346141815185547, "Best_Test_pcc": 0.940177822459886, "Best_Epoch": 6, "Best_Val_loss": 0.19960133731365204, "_wandb": {"runtime": 132}}