{"Train_loss": 0.5043349862098694, "Val_loss": 0.4105181396007538, "Train_mae": 0.5551238059997559, "Val_mae": 0.5047586560249329, "Train_pcc": 0.8199494641536602, "Val_pcc": 0.8405152366247273, "Epoch": 6, "_timestamp": 1749607691.1715684, "_runtime": 135.10582447052002, "_step": 8, "Best_Test_loss": 0.6732116937637329, "Best_Test_mae": 0.6530577540397644, "Best_Test_pcc": 0.8460725408046472, "Best_Epoch": 6, "Best_Val_loss": 0.4105181396007538, "_wandb": {"runtime": 133}}