{"Train_loss": 0.228721484541893, "Val_loss": 0.19395631551742554, "Train_mae": 0.36312592029571533, "Val_mae": 0.3412877917289734, "Train_pcc": 0.9243629428087681, "Val_pcc": 0.9382542846557496, "Epoch": 6, "_timestamp": 1749616798.7312562, "_runtime": 127.00211429595947, "_step": 8, "Best_Test_loss": 0.22137024998664856, "Best_Test_mae": 0.368441641330719, "Best_Test_pcc": 0.9190467537241299, "Best_Epoch": 5, "Best_Val_loss": 0.19395631551742554, "_wandb": {"runtime": 125}}