{"Train_loss": 0.25586003065109253, "Val_loss": 0.2054583728313446, "Train_mae": 0.4041188061237335, "Val_mae": 0.3667185604572296, "Train_pcc": 0.9138333265816532, "Val_pcc": 0.9303438023654308, "Epoch": 6, "_timestamp": 1749646788.2115893, "_runtime": 132.48745322227478, "_step": 8, "Best_Test_loss": 0.3950018584728241, "Best_Test_mae": 0.4623388946056366, "Best_Test_pcc": 0.8733431805349285, "Best_Epoch": 6, "Best_Val_loss": 0.2054583728313446, "_wandb": {"runtime": 131}}