{"Train_loss": 0.24548032879829407, "Val_loss": 0.2204250544309616, "Train_mae": 0.3836800754070282, "Val_mae": 0.3697687089443207, "Train_pcc": 0.9186280405267325, "Val_pcc": 0.9282525899323955, "Epoch": 6, "_timestamp": 1749636276.453445, "_runtime": 126.97247695922852, "_step": 8, "Best_Test_loss": 0.20048116147518158, "Best_Test_mae": 0.35295501351356506, "Best_Test_pcc": 0.9348039654719504, "Best_Epoch": 6, "Best_Val_loss": 0.2204250544309616, "_wandb": {"runtime": 124}}