{"Train_loss": 0.22043493390083313, "Val_loss": 0.20001168549060822, "Train_mae": 0.35876309871673584, "Val_mae": 0.3459615707397461, "Train_pcc": 0.9235371865217725, "Val_pcc": 0.9255340045753779, "Epoch": 6, "_timestamp": 1749634822.3609126, "_runtime": 131.96235251426697, "_step": 8, "Best_Test_loss": 0.3395955562591553, "Best_Test_mae": 0.44925642013549805, "Best_Test_pcc": 0.9378314317369563, "Best_Epoch": 6, "Best_Val_loss": 0.20001168549060822, "_wandb": {"runtime": 129}}