{"Train_loss": 0.2194628119468689, "Val_loss": 0.3087327480316162, "Train_mae": 0.3640538454055786, "Val_mae": 0.40841570496559143, "Train_pcc": 0.9277094056365263, "Val_pcc": 0.9011130769803389, "Epoch": 6, "_timestamp": 1749598564.6275973, "_runtime": 133.59981536865234, "_step": 8, "Best_Test_loss": 0.16352930665016174, "Best_Test_mae": 0.31647902727127075, "Best_Test_pcc": 0.9403414486739589, "Best_Epoch": 6, "Best_Val_loss": 0.3087327480316162, "_wandb": {"runtime": 131}}