{"Train_loss": 0.2245568037033081, "Val_loss": 0.18346337974071503, "Train_mae": 0.3638308048248291, "Val_mae": 0.3363505005836487, "Train_pcc": 0.9246260268770887, "Val_pcc": 0.9384604718475503, "Epoch": 6, "_timestamp": 1749640229.569607, "_runtime": 131.6339430809021, "_step": 8, "Best_Test_loss": 0.19735106825828552, "Best_Test_mae": 0.34520742297172546, "Best_Test_pcc": 0.9382663565205852, "Best_Epoch": 6, "Best_Val_loss": 0.18346337974071503, "_wandb": {"runtime": 129}}