{"Train_loss": 0.8219947814941406, "Val_loss": 0.6525771617889404, "Train_mae": 0.7024245262145996, "Val_mae": 0.6285743117332458, "Train_pcc": 0.7061015595284464, "Val_pcc": 0.7273475143415173, "Epoch": 6, "_timestamp": 1749600929.3174577, "_runtime": 131.77338361740112, "_step": 8, "Best_Test_loss": 0.6962699890136719, "Best_Test_mae": 0.6561377048492432, "Best_Test_pcc": 0.7157120731339742, "Best_Epoch": 6, "Best_Val_loss": 0.6525771617889404, "_wandb": {"runtime": 130}}