{"Train_loss": 0.22898486256599426, "Val_loss": 0.19417880475521088, "Train_mae": 0.3631290793418884, "Val_mae": 0.3413800895214081, "Train_pcc": 0.9242771661243642, "Val_pcc": 0.9382490487703317, "Epoch": 6, "_timestamp": 1749616656.8258371, "_runtime": 130.0177731513977, "_step": 8, "Best_Test_loss": 0.22115080058574677, "Best_Test_mae": 0.3682129383087158, "Best_Test_pcc": 0.9189945069638896, "Best_Epoch": 5, "Best_Val_loss": 0.19417880475521088, "_wandb": {"runtime": 127}}