{"Train_loss": 0.2323816567659378, "Val_loss": 0.19506563246250153, "Train_mae": 0.3697408139705658, "Val_mae": 0.3464891314506531, "Train_pcc": 0.9233428526180454, "Val_pcc": 0.9379385151115905, "Epoch": 3, "_timestamp": 1749629760.2531958, "_runtime": 70.74236869812012, "_step": 5, "Best_Test_loss": 0.22783078253269196, "Best_Test_mae": 0.3772825598716736, "Best_Test_pcc": 0.9185707412345061, "Best_Epoch": 0, "Best_Val_loss": 0.19382621347904205, "_wandb": {"runtime": 68}}