{"Train_loss": 0.2831607758998871, "Val_loss": 0.2331312894821167, "Train_mae": 0.4174765646457672, "Val_mae": 0.3809559643268585, "Train_pcc": 0.9103020291740532, "Val_pcc": 0.9219183438849724, "Epoch": 6, "_timestamp": 1749466899.2157643, "_runtime": 67.94529128074646, "_step": 8, "Best_Test_loss": 0.2606823742389679, "Best_Test_mae": 0.40612557530403137, "Best_Test_pcc": 0.9181553198770016, "Best_Epoch": 6, "Best_Val_loss": 0.2331312894821167, "_wandb": {"runtime": 66}}