{"Train_loss": 0.2160184532403946, "Val_loss": 0.33835968375205994, "Train_mae": 0.35379913449287415, "Val_mae": 0.45280200242996216, "Train_pcc": 0.9234813334973668, "Val_pcc": 0.9413212131376507, "Epoch": 3, "_timestamp": 1749632161.4633482, "_runtime": 73.26008725166321, "_step": 5, "Best_Test_loss": 0.2169998288154602, "Best_Test_mae": 0.35370633006095886, "Best_Test_pcc": 0.9246481581991245, "Best_Epoch": 0, "Best_Val_loss": 0.33725154399871826, "_wandb": {"runtime": 71}}