{"Train_loss": 0.2772483229637146, "Val_loss": 0.18889263272285461, "Train_mae": 0.40117785334587097, "Val_mae": 0.335765540599823, "Train_pcc": 0.9098625954374979, "Val_pcc": 0.9395441817634976, "Epoch": 6, "_timestamp": 1749614970.3006968, "_runtime": 131.4588418006897, "_step": 8, "Best_Test_loss": 0.2647453844547272, "Best_Test_mae": 0.404396116733551, "Best_Test_pcc": 0.9139217907642366, "Best_Epoch": 6, "Best_Val_loss": 0.18889263272285461, "_wandb": {"runtime": 130}}