{"Train_loss": 0.23332880437374115, "Val_loss": 0.19367223978042603, "Train_mae": 0.3656332790851593, "Val_mae": 0.3396152853965759, "Train_pcc": 0.9229806696105259, "Val_pcc": 0.9381049442389103, "Epoch": 4, "_timestamp": 1749629535.3785217, "_runtime": 87.44140458106995, "_step": 6, "Best_Test_loss": 0.22730644047260284, "Best_Test_mae": 0.36717432737350464, "Best_Test_pcc": 0.9190825068754058, "Best_Epoch": 1, "Best_Val_loss": 0.19119536876678467, "_wandb": {"runtime": 85}}