{"Train_loss": 0.3114633858203888, "Val_loss": 0.24653160572052002, "Train_mae": 0.4402807950973511, "Val_mae": 0.41928383708000183, "Train_pcc": 0.9015542980817366, "Val_pcc": 0.9149475802056556, "Epoch": 4, "_timestamp": 1749467650.934159, "_runtime": 31.53583312034607, "_step": 4}