{"Train_loss": 0.2384088933467865, "Val_loss": 0.22365456819534302, "Train_mae": 0.3749505877494812, "Val_mae": 0.36049601435661316, "Train_pcc": 0.9205955379184284, "Val_pcc": 0.9228595059325583, "Epoch": 4, "_timestamp": 1749644035.116814, "_runtime": 90.87070488929749, "_step": 6, "Best_Test_loss": 0.18364165723323822, "Best_Test_mae": 0.33803921937942505, "Best_Test_pcc": 0.938545934434982, "Best_Epoch": 1, "Best_Val_loss": 0.22349217534065247, "_wandb": {"runtime": 89}}