{"Train_loss": 0.9602847099304199, "Val_loss": 0.8113064765930176, "Train_mae": 0.7530593872070312, "Val_mae": 0.7018036842346191, "Train_pcc": 0.6869717826478553, "Val_pcc": 0.695303433947133, "Epoch": 6, "_timestamp": 1749634250.75575, "_runtime": 133.80142998695374, "_step": 8, "Best_Test_loss": 1.188473105430603, "Best_Test_mae": 0.8539953827857971, "Best_Test_pcc": 0.7002646757996687, "Best_Epoch": 6, "Best_Val_loss": 0.8113064765930176, "_wandb": {"runtime": 131}}