{"Train_loss": 0.22094155848026276, "Val_loss": 0.30886536836624146, "Train_mae": 0.3633159101009369, "Val_mae": 0.4088031053543091, "Train_pcc": 0.9270663396131135, "Val_pcc": 0.901107041148238, "Epoch": 6, "_timestamp": 1749611717.673717, "_runtime": 132.65522813796997, "_step": 8, "Best_Test_loss": 0.16316063702106476, "Best_Test_mae": 0.3171097934246063, "Best_Test_pcc": 0.9412431857412551, "Best_Epoch": 6, "Best_Val_loss": 0.30886536836624146, "_wandb": {"runtime": 131}}