{"Train_loss": 0.23617209494113922, "Val_loss": 0.22868108749389648, "Train_mae": 0.35475826263427734, "Val_mae": 0.36239171028137207, "Train_pcc": 0.9223888408003349, "Val_pcc": 0.9164994518694732, "Epoch": 6, "_timestamp": 1749597295.6167414, "_runtime": 132.71280550956726, "_step": 8, "Best_Test_loss": 0.219817653298378, "Best_Test_mae": 0.35368821024894714, "Best_Test_pcc": 0.9313254909127087, "Best_Epoch": 6, "Best_Val_loss": 0.22868108749389648, "_wandb": {"runtime": 129}}