{"Train_loss": 0.23820200562477112, "Val_loss": 0.23003093898296356, "Train_mae": 0.38271084427833557, "Val_mae": 0.373309850692749, "Train_pcc": 0.9211043952067718, "Val_pcc": 0.9214873170792091, "Epoch": 3, "_timestamp": 1749631176.771188, "_runtime": 71.9099440574646, "_step": 5, "Best_Test_loss": 0.18435953557491302, "Best_Test_mae": 0.33975130319595337, "Best_Test_pcc": 0.937941226769839, "Best_Epoch": 0, "Best_Val_loss": 0.2226860523223877, "_wandb": {"runtime": 69}}