{"Train_loss": 0.24280323088169098, "Val_loss": 0.18935760855674744, "Train_mae": 0.3929789960384369, "Val_mae": 0.35235482454299927, "Train_pcc": 0.9196525440117986, "Val_pcc": 0.9365861828694771, "Epoch": 6, "_timestamp": 1749620111.9646614, "_runtime": 133.26657247543335, "_step": 8, "Best_Test_loss": 0.379610151052475, "Best_Test_mae": 0.44975563883781433, "Best_Test_pcc": 0.8793024976422399, "Best_Epoch": 6, "Best_Val_loss": 0.18935760855674744, "_wandb": {"runtime": 131}}