{"Train_loss": 0.3186783492565155, "Val_loss": 0.2757168710231781, "Train_mae": 0.4426543116569519, "Val_mae": 0.41430339217185974, "Train_pcc": 0.8862161122620715, "Val_pcc": 0.9012835932650807, "Epoch": 6, "_timestamp": 1749607839.0205991, "_runtime": 135.24222922325134, "_step": 8, "Best_Test_loss": 0.44138970971107483, "Best_Test_mae": 0.5251589417457581, "Best_Test_pcc": 0.910974743128232, "Best_Epoch": 6, "Best_Val_loss": 0.2757168710231781, "_wandb": {"runtime": 133}}