{"Train_loss": 0.2641938626766205, "Val_loss": 0.23312969505786896, "Train_mae": 0.4012264311313629, "Val_mae": 0.3794664144515991, "Train_pcc": 0.9125248149441931, "Val_pcc": 0.9278381101428503, "Epoch": 6, "_timestamp": 1749642284.0745482, "_runtime": 130.9798662662506, "_step": 8, "Best_Test_loss": 0.23210866749286652, "Best_Test_mae": 0.3810652196407318, "Best_Test_pcc": 0.9120299036546154, "Best_Epoch": 6, "Best_Val_loss": 0.23312969505786896, "_wandb": {"runtime": 129}}