{"Train_loss": 0.2557731568813324, "Val_loss": 0.41071298718452454, "Train_mae": 0.39118850231170654, "Val_mae": 0.5128836631774902, "Train_pcc": 0.913024906688437, "Val_pcc": 0.9284533840682386, "Epoch": 6, "_timestamp": 1749605306.0742118, "_runtime": 134.33721780776978, "_step": 8, "Best_Test_loss": 0.2496996819972992, "Best_Test_mae": 0.3822929263114929, "Best_Test_pcc": 0.9148227896314837, "Best_Epoch": 6, "Best_Val_loss": 0.41071298718452454, "_wandb": {"runtime": 133}}