{"Train_loss": 0.21796898543834686, "Val_loss": 0.34272393584251404, "Train_mae": 0.36161211133003235, "Val_mae": 0.46109679341316223, "Train_pcc": 0.9229289020409348, "Val_pcc": 0.9403468213225785, "Epoch": 6, "_timestamp": 1749631923.9767313, "_runtime": 138.95058822631836, "_step": 8, "Best_Test_loss": 0.21927595138549805, "Best_Test_mae": 0.3587464392185211, "Best_Test_pcc": 0.9238470421537781, "Best_Epoch": 6, "Best_Val_loss": 0.34272393584251404, "_wandb": {"runtime": 137}}