{"Train_loss": 0.23599502444267273, "Val_loss": 0.19343484938144684, "Train_mae": 0.3734750747680664, "Val_mae": 0.3450934886932373, "Train_pcc": 0.9216028133308607, "Val_pcc": 0.9360643268148712, "Epoch": 3, "_timestamp": 1749596226.4738362, "_runtime": 79.9030532836914, "_step": 5, "Best_Test_loss": 0.17523105442523956, "Best_Test_mae": 0.3306868374347687, "Best_Test_pcc": 0.9420963755522385, "Best_Epoch": 0, "Best_Val_loss": 0.19077351689338684, "_wandb": {"runtime": 78}}