{"Train_loss": 0.241267591714859, "Val_loss": 0.15334375202655792, "Train_mae": 0.3751510977745056, "Val_mae": 0.30706986784935, "Train_pcc": 0.9220937967976799, "Val_pcc": 0.9431535513746826, "Epoch": 6, "_timestamp": 1749641482.264777, "_runtime": 131.34881401062012, "_step": 8, "Best_Test_loss": 0.22223591804504395, "Best_Test_mae": 0.37380465865135193, "Best_Test_pcc": 0.9181971454055713, "Best_Epoch": 6, "Best_Val_loss": 0.15334375202655792, "_wandb": {"runtime": 130}}