{"Train_loss": 11.072644233703613, "Val_loss": 10.608301162719727, "Train_mae": 3.0197722911834717, "Val_mae": 2.930176258087158, "Train_pcc": -0.03984285408876111, "Val_pcc": -0.07454449431797118, "Epoch": 6, "_timestamp": 1749626487.5291893, "_runtime": 127.48859238624573, "_step": 8, "Best_Test_loss": 10.279892921447754, "Best_Test_mae": 2.879751443862915, "Best_Test_pcc": -0.04994105985423113, "Best_Epoch": 6, "Best_Val_loss": 10.608301162719727, "_wandb": {"runtime": 125}}