{"Train_loss": 0.23112918436527252, "Val_loss": 0.22169272601604462, "Train_mae": 0.35547366738319397, "Val_mae": 0.3609392046928406, "Train_pcc": 0.9238537002026137, "Val_pcc": 0.9182876581618606, "Epoch": 6, "_timestamp": 1749637130.2605524, "_runtime": 127.49129343032837, "_step": 8, "Best_Test_loss": 0.2082582265138626, "Best_Test_mae": 0.3468534052371979, "Best_Test_pcc": 0.933297581971857, "Best_Epoch": 3, "Best_Val_loss": 0.2216590791940689, "_wandb": {"runtime": 126}}