{"Train_loss": 0.2464354783296585, "Val_loss": 0.1933891326189041, "Train_mae": 0.3962046205997467, "Val_mae": 0.35734257102012634, "Train_pcc": 0.9185932623831518, "Val_pcc": 0.9356813665078956, "Epoch": 6, "_timestamp": 1749619958.6262634, "_runtime": 130.41040134429932, "_step": 8, "Best_Test_loss": 0.37992045283317566, "Best_Test_mae": 0.4521755278110504, "Best_Test_pcc": 0.8782808043051569, "Best_Epoch": 6, "Best_Val_loss": 0.1933891326189041, "_wandb": {"runtime": 128}}