{"Train_loss": 0.25527191162109375, "Val_loss": 0.22855030000209808, "Train_mae": 0.3754894733428955, "Val_mae": 0.356162965297699, "Train_pcc": 0.909358491323861, "Val_pcc": 0.9159628918786669, "Epoch": 6, "_timestamp": 1749608196.489037, "_runtime": 135.22805213928223, "_step": 8, "Best_Test_loss": 0.40536370873451233, "Best_Test_mae": 0.4900367558002472, "Best_Test_pcc": 0.9181510216004756, "Best_Epoch": 6, "Best_Val_loss": 0.22855030000209808, "_wandb": {"runtime": 133}}