{"Train_loss": 0.2578888535499573, "Val_loss": 0.21538501977920532, "Train_mae": 0.39438748359680176, "Val_mae": 0.3642352521419525, "Train_pcc": 0.9151596675425433, "Val_pcc": 0.9313808278638894, "Epoch": 6, "_timestamp": 1749639626.554196, "_runtime": 129.42483377456665, "_step": 8, "Best_Test_loss": 0.22878342866897583, "Best_Test_mae": 0.37334930896759033, "Best_Test_pcc": 0.9315390816920526, "Best_Epoch": 6, "Best_Val_loss": 0.21538501977920532, "_wandb": {"runtime": 127}}