{"Train_loss": 0.22738739848136902, "Val_loss": 0.18828628957271576, "Train_mae": 0.3636387884616852, "Val_mae": 0.33686700463294983, "Train_pcc": 0.9239061130204975, "Val_pcc": 0.9381732998750917, "Epoch": 6, "_timestamp": 1749627587.6632574, "_runtime": 133.45358729362488, "_step": 8, "Best_Test_loss": 0.20172086358070374, "Best_Test_mae": 0.3435874283313751, "Best_Test_pcc": 0.9368891752733145, "Best_Epoch": 6, "Best_Val_loss": 0.18828628957271576, "_wandb": {"runtime": 131}}