{"Train_loss": 0.24756784737110138, "Val_loss": 0.22176183760166168, "Train_mae": 0.3891967535018921, "Val_mae": 0.37255972623825073, "Train_pcc": 0.9130724142798041, "Val_pcc": 0.9178590739398924, "Epoch": 6, "_timestamp": 1749647588.898879, "_runtime": 136.2718870639801, "_step": 8, "Best_Test_loss": 0.40730521082878113, "Best_Test_mae": 0.5063930749893188, "Best_Test_pcc": 0.9287426053230627, "Best_Epoch": 6, "Best_Val_loss": 0.22176183760166168, "_wandb": {"runtime": 134}}