{"Train_loss": 0.2103383094072342, "Val_loss": 0.20432227849960327, "Train_mae": 0.35854557156562805, "Val_mae": 0.3582136631011963, "Train_pcc": 0.9266722623984875, "Val_pcc": 0.9258892693024332, "Epoch": 6, "_timestamp": 1749622342.9664118, "_runtime": 130.36750674247742, "_step": 8, "Best_Test_loss": 0.30317896604537964, "Best_Test_mae": 0.4328750669956207, "Best_Test_pcc": 0.9426819775521362, "Best_Epoch": 6, "Best_Val_loss": 0.20432227849960327, "_wandb": {"runtime": 128}}