{"Train_loss": 9.61202335357666, "Val_loss": 8.578365325927734, "Train_mae": 2.855485677719116, "Val_mae": 2.725663900375366, "Train_pcc": 0.30156093291905994, "Val_pcc": 0.3930738651807953, "Epoch": 6, "_timestamp": 1749636842.598447, "_runtime": 130.44105219841003, "_step": 8, "Best_Test_loss": 9.377058029174805, "Best_Test_mae": 2.8349759578704834, "Best_Test_pcc": 0.39317040130874764, "Best_Epoch": 6, "Best_Val_loss": 8.578365325927734, "_wandb": {"runtime": 128}}