{"Train_loss": 0.24400611221790314, "Val_loss": 0.17008420825004578, "Train_mae": 0.3808137774467468, "Val_mae": 0.32596322894096375, "Train_pcc": 0.9213423037015277, "Val_pcc": 0.9410942060834813, "Epoch": 6, "_timestamp": 1749601665.9971137, "_runtime": 139.05088877677917, "_step": 8, "Best_Test_loss": 0.23751378059387207, "Best_Test_mae": 0.3893885016441345, "Best_Test_pcc": 0.9176244221762262, "Best_Epoch": 6, "Best_Val_loss": 0.17008420825004578, "_wandb": {"runtime": 137}}