{"Train_loss": 0.21559926867485046, "Val_loss": 0.17163780331611633, "Train_mae": 0.3643783628940582, "Val_mae": 0.3286368250846863, "Train_pcc": 0.927861296022188, "Val_pcc": 0.942832464396083, "Epoch": 4, "_timestamp": 1749633566.6074843, "_runtime": 89.16925430297852, "_step": 6, "Best_Test_loss": 0.37058359384536743, "Best_Test_mae": 0.432431161403656, "Best_Test_pcc": 0.8827297023956096, "Best_Epoch": 1, "Best_Val_loss": 0.17163239419460297, "_wandb": {"runtime": 87}}