{"Train_loss": 0.22945725917816162, "Val_loss": 0.19339267909526825, "Train_mae": 0.3662310540676117, "Val_mae": 0.3437483608722687, "Train_pcc": 0.924151937076382, "Val_pcc": 0.9383197612541753, "Epoch": 6, "_timestamp": 1749602709.9927397, "_runtime": 127.31078767776489, "_step": 8, "Best_Test_loss": 0.22559405863285065, "Best_Test_mae": 0.37420743703842163, "Best_Test_pcc": 0.918839512025289, "Best_Epoch": 6, "Best_Val_loss": 0.19339267909526825, "_wandb": {"runtime": 125}}