{"Train_loss": 0.21532246470451355, "Val_loss": 0.3092483878135681, "Train_mae": 0.36220237612724304, "Val_mae": 0.40974539518356323, "Train_pcc": 0.9290018754504625, "Val_pcc": 0.9010657066243261, "Epoch": 6, "_timestamp": 1749599141.0759056, "_runtime": 130.11741757392883, "_step": 8, "Best_Test_loss": 0.16590529680252075, "Best_Test_mae": 0.32121196389198303, "Best_Test_pcc": 0.9409895314696092, "Best_Epoch": 6, "Best_Val_loss": 0.3092483878135681, "_wandb": {"runtime": 128}}