{"Train_loss": 0.21608790755271912, "Val_loss": 0.3087114989757538, "Train_mae": 0.35756415128707886, "Val_mae": 0.4035685956478119, "Train_pcc": 0.9287151951981063, "Val_pcc": 0.9011599697052276, "Epoch": 6, "_timestamp": 1749598851.7184336, "_runtime": 130.24782252311707, "_step": 8, "Best_Test_loss": 0.1634301096200943, "Best_Test_mae": 0.3132854402065277, "Best_Test_pcc": 0.9415264309537014, "Best_Epoch": 6, "Best_Val_loss": 0.3087114989757538, "_wandb": {"runtime": 129}}