{"Train_loss": 0.22435560822486877, "Val_loss": 0.21934275329113007, "Train_mae": 0.36789873242378235, "Val_mae": 0.3645476996898651, "Train_pcc": 0.9211662510040817, "Val_pcc": 0.9273136817484107, "Epoch": 6, "_timestamp": 1749634675.7114508, "_runtime": 131.18613290786743, "_step": 8, "Best_Test_loss": 0.3155806064605713, "Best_Test_mae": 0.4308769702911377, "Best_Test_pcc": 0.9403375607937201, "Best_Epoch": 6, "Best_Val_loss": 0.21934275329113007, "_wandb": {"runtime": 129}}