{"Train_loss": 0.2257029414176941, "Val_loss": 0.17879588901996613, "Train_mae": 0.3722328543663025, "Val_mae": 0.3362310826778412, "Train_pcc": 0.9244594479601299, "Val_pcc": 0.9392640876922858, "Epoch": 6, "_timestamp": 1749633066.1370125, "_runtime": 130.07397556304932, "_step": 8, "Best_Test_loss": 0.3863270878791809, "Best_Test_mae": 0.4426613748073578, "Best_Test_pcc": 0.8801674542366023, "Best_Epoch": 6, "Best_Val_loss": 0.17879588901996613, "_wandb": {"runtime": 128}}