{"Train_loss": 9.392302513122559, "Val_loss": 9.253565788269043, "Train_mae": 2.7989449501037598, "Val_mae": 2.814675807952881, "Train_pcc": 0.2298716329971364, "Val_pcc": 0.3049356203839862, "Epoch": 6, "_timestamp": 1749635463.0031908, "_runtime": 147.75921273231506, "_step": 8, "Best_Test_loss": 9.18381404876709, "Best_Test_mae": 2.7822747230529785, "Best_Test_pcc": 0.27737673178736083, "Best_Epoch": 6, "Best_Val_loss": 9.253565788269043, "_wandb": {"runtime": 146}}