{"Train_loss": 0.2175222933292389, "Val_loss": 0.3090324401855469, "Train_mae": 0.3615458607673645, "Val_mae": 0.4068296253681183, "Train_pcc": 0.928368833393088, "Val_pcc": 0.9013855023686607, "Epoch": 4, "_timestamp": 1749611969.6815953, "_runtime": 90.97824740409851, "_step": 6, "Best_Test_loss": 0.17273196578025818, "Best_Test_mae": 0.3285660147666931, "Best_Test_pcc": 0.9405752331689904, "Best_Epoch": 1, "Best_Val_loss": 0.30901798605918884, "_wandb": {"runtime": 89}}