{"Train_loss": 0.20958612859249115, "Val_loss": 0.19448062777519226, "Train_mae": 0.35151126980781555, "Val_mae": 0.3446750342845917, "Train_pcc": 0.9261421696589826, "Val_pcc": 0.9287101789124405, "Epoch": 3, "_timestamp": 1749608386.044114, "_runtime": 74.00807213783264, "_step": 5, "Best_Test_loss": 0.33302053809165955, "Best_Test_mae": 0.45131388306617737, "Best_Test_pcc": 0.9402558597573778, "Best_Epoch": 0, "Best_Val_loss": 0.19415414333343506, "_wandb": {"runtime": 71}}