{"Train_loss": 0.2399030327796936, "Val_loss": 0.1569078415632248, "Train_mae": 0.3703192174434662, "Val_mae": 0.30761396884918213, "Train_pcc": 0.9224094437420615, "Val_pcc": 0.9435392306946135, "Epoch": 6, "_timestamp": 1749628732.5461066, "_runtime": 137.87767958641052, "_step": 8, "Best_Test_loss": 0.22739610075950623, "Best_Test_mae": 0.3760613203048706, "Best_Test_pcc": 0.9190421478024796, "Best_Epoch": 6, "Best_Val_loss": 0.1569078415632248, "_wandb": {"runtime": 135}}