{"Train_loss": 0.2400485724210739, "Val_loss": 0.20378147065639496, "Train_mae": 0.37179264426231384, "Val_mae": 0.3485880494117737, "Train_pcc": 0.9206921407744889, "Val_pcc": 0.9358766969037822, "Epoch": 6, "_timestamp": 1749629331.437439, "_runtime": 131.7027678489685, "_step": 8, "Best_Test_loss": 0.22284436225891113, "Best_Test_mae": 0.3689662218093872, "Best_Test_pcc": 0.9187461517701243, "Best_Epoch": 6, "Best_Val_loss": 0.20378147065639496, "_wandb": {"runtime": 129}}