{"Train_loss": 0.24129275977611542, "Val_loss": 0.2363571673631668, "Train_mae": 0.3821796774864197, "Val_mae": 0.3731636703014374, "Train_pcc": 0.9151706397952487, "Val_pcc": 0.9215674512129219, "Epoch": 5, "_timestamp": 1749634524.961717, "_runtime": 108.93566179275513, "_step": 7, "Best_Test_loss": 0.33957231044769287, "Best_Test_mae": 0.44677016139030457, "Best_Test_pcc": 0.9335365708267618, "Best_Epoch": 2, "Best_Val_loss": 0.23463399708271027, "_wandb": {"runtime": 107}}