{"Train_loss": 0.864181637763977, "Val_loss": 0.6815857887268066, "Train_mae": 0.7330805659294128, "Val_mae": 0.6486890316009521, "Train_pcc": 0.6943450866010275, "Val_pcc": 0.72440973886216, "Epoch": 6, "_timestamp": 1749641039.9591105, "_runtime": 133.3249454498291, "_step": 8, "Best_Test_loss": 0.7439303398132324, "Best_Test_mae": 0.684881329536438, "Best_Test_pcc": 0.7055465282994584, "Best_Epoch": 6, "Best_Val_loss": 0.6815857887268066, "_wandb": {"runtime": 131}}