{"Train_loss": 0.2246260792016983, "Val_loss": 0.17047232389450073, "Train_mae": 0.36781930923461914, "Val_mae": 0.32354167103767395, "Train_pcc": 0.9249122326854565, "Val_pcc": 0.9421283747526079, "Epoch": 6, "_timestamp": 1749606369.6211998, "_runtime": 128.83848190307617, "_step": 8, "Best_Test_loss": 0.36728355288505554, "Best_Test_mae": 0.4275081753730774, "Best_Test_pcc": 0.8846632210444969, "Best_Epoch": 3, "Best_Val_loss": 0.17047163844108582, "_wandb": {"runtime": 127}}