{"Train_loss": 0.2220008373260498, "Val_loss": 0.35601806640625, "Train_mae": 0.35751068592071533, "Val_mae": 0.46577930450439453, "Train_pcc": 0.9215093593225105, "Val_pcc": 0.9394826323661012, "Epoch": 3, "_timestamp": 1749632256.7642903, "_runtime": 82.98581337928772, "_step": 5, "Best_Test_loss": 0.25494229793548584, "Best_Test_mae": 0.37414857745170593, "Best_Test_pcc": 0.9152056032600548, "Best_Epoch": 0, "Best_Val_loss": 0.3276495337486267, "_wandb": {"runtime": 80}}