{"Train_loss": 0.2357083559036255, "Val_loss": 0.23833568394184113, "Train_mae": 0.3710378110408783, "Val_mae": 0.3736002743244171, "Train_pcc": 0.9190507337447441, "Val_pcc": 0.9182365746911196, "Epoch": 6, "_timestamp": 1749621903.7685554, "_runtime": 133.82862830162048, "_step": 8, "Best_Test_loss": 0.33333620429039, "Best_Test_mae": 0.4430006742477417, "Best_Test_pcc": 0.931204014497303, "Best_Epoch": 6, "Best_Val_loss": 0.23833568394184113, "_wandb": {"runtime": 131}}