{"Train_loss": 0.2388017326593399, "Val_loss": 0.32305189967155457, "Train_mae": 0.3789198100566864, "Val_mae": 0.4201990067958832, "Train_pcc": 0.9209635805369257, "Val_pcc": 0.8962009184522681, "Epoch": 6, "_timestamp": 1749598419.0926456, "_runtime": 131.85068774223328, "_step": 8, "Best_Test_loss": 0.1684444397687912, "Best_Test_mae": 0.3209187984466553, "Best_Test_pcc": 0.9374371450814116, "Best_Epoch": 6, "Best_Val_loss": 0.32305189967155457, "_wandb": {"runtime": 129}}