{"Train_loss": 0.22646141052246094, "Val_loss": 0.18140076100826263, "Train_mae": 0.3671490550041199, "Val_mae": 0.33492907881736755, "Train_pcc": 0.9241843442410715, "Val_pcc": 0.9386035064987771, "Epoch": 6, "_timestamp": 1749600411.8152606, "_runtime": 129.97665858268738, "_step": 8, "Best_Test_loss": 0.1937343031167984, "Best_Test_mae": 0.34331944584846497, "Best_Test_pcc": 0.9380966027471634, "Best_Epoch": 6, "Best_Val_loss": 0.18140076100826263, "_wandb": {"runtime": 128}}