{"Train_loss": 0.2188531905412674, "Val_loss": 0.35171598196029663, "Train_mae": 0.356692910194397, "Val_mae": 0.4650716185569763, "Train_pcc": 0.9223888254728441, "Val_pcc": 0.9397869007135567, "Epoch": 6, "_timestamp": 1749619087.909504, "_runtime": 134.59030985832214, "_step": 8, "Best_Test_loss": 0.22048908472061157, "Best_Test_mae": 0.35319799184799194, "Best_Test_pcc": 0.9234600329916335, "Best_Epoch": 6, "Best_Val_loss": 0.35171598196029663, "_wandb": {"runtime": 131}}