{"Train_loss": 0.2333865910768509, "Val_loss": 0.19506116211414337, "Train_mae": 0.37372201681137085, "Val_mae": 0.35008159279823303, "Train_pcc": 0.9227495987934501, "Val_pcc": 0.938042141532725, "Epoch": 4, "_timestamp": 1749615832.1906297, "_runtime": 90.52899980545044, "_step": 6, "Best_Test_loss": 0.2265855222940445, "Best_Test_mae": 0.38095322251319885, "Best_Test_pcc": 0.9193216528084696, "Best_Epoch": 1, "Best_Val_loss": 0.19165681302547455, "_wandb": {"runtime": 89}}