{"Train_loss": 0.24230460822582245, "Val_loss": 0.22307203710079193, "Train_mae": 0.37678858637809753, "Val_mae": 0.36190974712371826, "Train_pcc": 0.9201276856075391, "Val_pcc": 0.9230695878417912, "Epoch": 6, "_timestamp": 1749631323.7930102, "_runtime": 132.05787825584412, "_step": 8, "Best_Test_loss": 0.18265074491500854, "Best_Test_mae": 0.3339717388153076, "Best_Test_pcc": 0.9377289983729694, "Best_Epoch": 6, "Best_Val_loss": 0.22307203710079193, "_wandb": {"runtime": 129}}