{"Train_loss": 0.2435934692621231, "Val_loss": 0.235966756939888, "Train_mae": 0.3783513009548187, "Val_mae": 0.37103861570358276, "Train_pcc": 0.9189827506989081, "Val_pcc": 0.9187022825212927, "Epoch": 6, "_timestamp": 1749617671.979719, "_runtime": 131.20647883415222, "_step": 8, "Best_Test_loss": 0.18738944828510284, "Best_Test_mae": 0.34200578927993774, "Best_Test_pcc": 0.9368219266768965, "Best_Epoch": 6, "Best_Val_loss": 0.235966756939888, "_wandb": {"runtime": 129}}