{"Train_loss": 0.21953818202018738, "Val_loss": 0.34266871213912964, "Train_mae": 0.3624034821987152, "Val_mae": 0.4605501890182495, "Train_pcc": 0.9223048381998974, "Val_pcc": 0.9404924769816263, "Epoch": 6, "_timestamp": 1749632074.2449737, "_runtime": 136.01138758659363, "_step": 8, "Best_Test_loss": 0.21869195997714996, "Best_Test_mae": 0.3576313555240631, "Best_Test_pcc": 0.924045635726371, "Best_Epoch": 5, "Best_Val_loss": 0.34266871213912964, "_wandb": {"runtime": 134}}