{"Train_loss": 0.2163020372390747, "Val_loss": 0.34237128496170044, "Train_mae": 0.3500935435295105, "Val_mae": 0.45445531606674194, "Train_pcc": 0.9232304576076824, "Val_pcc": 0.9412812008413878, "Epoch": 3, "_timestamp": 1749619169.1130807, "_runtime": 70.48369574546814, "_step": 5, "Best_Test_loss": 0.219111829996109, "Best_Test_mae": 0.3539790213108063, "Best_Test_pcc": 0.9248873900666126, "Best_Epoch": 0, "Best_Val_loss": 0.3391735255718231, "_wandb": {"runtime": 68}}