{"Train_loss": 0.2315438985824585, "Val_loss": 0.22953160107135773, "Train_mae": 0.35929375886917114, "Val_mae": 0.37360087037086487, "Train_pcc": 0.9241653873458341, "Val_pcc": 0.918122671173855, "Epoch": 6, "_timestamp": 1749597737.5772195, "_runtime": 131.27220344543457, "_step": 8, "Best_Test_loss": 0.2066807746887207, "Best_Test_mae": 0.3500076234340668, "Best_Test_pcc": 0.9353850916006095, "Best_Epoch": 6, "Best_Val_loss": 0.22953160107135773, "_wandb": {"runtime": 130}}