{"Train_loss": 1.754105567932129, "Val_loss": 1.6104854345321655, "Train_mae": 1.0468368530273438, "Val_mae": 1.001479148864746, "Train_pcc": 0.5417671376633864, "Val_pcc": 0.5745795886650472, "Epoch": 6, "_timestamp": 1749608718.6568768, "_runtime": 143.58305191993713, "_step": 8, "Best_Test_loss": 1.6346619129180908, "Best_Test_mae": 1.0172924995422363, "Best_Test_pcc": 0.5595575693991806, "Best_Epoch": 6, "Best_Val_loss": 1.6104854345321655, "_wandb": {"runtime": 142}}