{"Train_loss": 0.20797164738178253, "Val_loss": 0.19539986550807953, "Train_mae": 0.3487059772014618, "Val_mae": 0.34277135133743286, "Train_pcc": 0.9267727203069546, "Val_pcc": 0.9286261862540821, "Epoch": 3, "_timestamp": 1749647982.5880942, "_runtime": 70.67737531661987, "_step": 5, "Best_Test_loss": 0.327876478433609, "Best_Test_mae": 0.4458617568016052, "Best_Test_pcc": 0.9406412191791514, "Best_Epoch": 0, "Best_Val_loss": 0.19513484835624695, "_wandb": {"runtime": 69}}