{"Train_loss": 0.2884688377380371, "Val_loss": 0.19942253828048706, "Train_mae": 0.40964776277542114, "Val_mae": 0.340689092874527, "Train_pcc": 0.9063658639677524, "Val_pcc": 0.9362005971974651, "Epoch": 6, "_timestamp": 1749614684.265274, "_runtime": 132.84728813171387, "_step": 8, "Best_Test_loss": 0.2769453227519989, "Best_Test_mae": 0.4092056155204773, "Best_Test_pcc": 0.9100639632381915, "Best_Epoch": 6, "Best_Val_loss": 0.19942253828048706, "_wandb": {"runtime": 130}}