{"Train_loss": 0.23258239030838013, "Val_loss": 0.2161305993795395, "Train_mae": 0.3602404296398163, "Val_mae": 0.35933294892311096, "Train_pcc": 0.9234183367849016, "Val_pcc": 0.917864453820552, "Epoch": 4, "_timestamp": 1749467569.7214327, "_runtime": 30.327934741973877, "_step": 6, "Best_Test_loss": 0.21581697463989258, "Best_Test_mae": 0.359468549489975, "Best_Test_pcc": 0.9341390188407696, "Best_Epoch": 1, "Best_Val_loss": 0.21490374207496643, "_wandb": {"runtime": 27}}