{"Train_loss": 0.2719435691833496, "Val_loss": 0.22104662656784058, "Train_mae": 0.4029020667076111, "Val_mae": 0.3614649772644043, "Train_pcc": 0.9105378118195824, "Val_pcc": 0.9278641576341471, "Epoch": 6, "_timestamp": 1749622801.4951274, "_runtime": 122.52686333656311, "_step": 8, "Best_Test_loss": 0.20089446008205414, "Best_Test_mae": 0.34499675035476685, "Best_Test_pcc": 0.9349673831091914, "Best_Epoch": 6, "Best_Val_loss": 0.22104662656784058, "_wandb": {"runtime": 120}}