{"Train_loss": 0.22419129312038422, "Val_loss": 0.1814499944448471, "Train_mae": 0.3608850836753845, "Val_mae": 0.3307090997695923, "Train_pcc": 0.9248832333379214, "Val_pcc": 0.9383465205338495, "Epoch": 6, "_timestamp": 1749600551.9753406, "_runtime": 126.1194314956665, "_step": 8, "Best_Test_loss": 0.19606253504753113, "Best_Test_mae": 0.34165534377098083, "Best_Test_pcc": 0.9372341424226724, "Best_Epoch": 3, "Best_Val_loss": 0.181446835398674, "_wandb": {"runtime": 124}}