{"Train_loss": 0.24296551942825317, "Val_loss": 0.18854981660842896, "Train_mae": 0.37869805097579956, "Val_mae": 0.34427395462989807, "Train_pcc": 0.91940029294822, "Val_pcc": 0.9356935479885741, "Epoch": 3, "_timestamp": 1749623307.7576523, "_runtime": 93.30995631217957, "_step": 5, "Best_Test_loss": 0.1746002435684204, "Best_Test_mae": 0.3321334421634674, "Best_Test_pcc": 0.9413536056265687, "Best_Epoch": 0, "Best_Val_loss": 0.1884816437959671, "_wandb": {"runtime": 90}}