{"Train_loss": 0.22613690793514252, "Val_loss": 0.1836673617362976, "Train_mae": 0.3701227605342865, "Val_mae": 0.3409311771392822, "Train_pcc": 0.9240889883721302, "Val_pcc": 0.9382801316335365, "Epoch": 6, "_timestamp": 1749599985.5994399, "_runtime": 134.52951884269714, "_step": 8, "Best_Test_loss": 0.19982294738292694, "Best_Test_mae": 0.3521149456501007, "Best_Test_pcc": 0.9372603592757284, "Best_Epoch": 6, "Best_Val_loss": 0.1836673617362976, "_wandb": {"runtime": 133}}