{"Train_loss": 0.27400442957878113, "Val_loss": 0.25354844331741333, "Train_mae": 0.3970041275024414, "Val_mae": 0.37346819043159485, "Train_pcc": 0.9096260025442453, "Val_pcc": 0.9115280815814182, "Epoch": 6, "_timestamp": 1749643556.1482027, "_runtime": 132.30001974105835, "_step": 8, "Best_Test_loss": 0.2122180461883545, "Best_Test_mae": 0.35457533597946167, "Best_Test_pcc": 0.9281168996345794, "Best_Epoch": 6, "Best_Val_loss": 0.25354844331741333, "_wandb": {"runtime": 131}}