{"Train_loss": 0.2209664285182953, "Val_loss": 0.3084821105003357, "Train_mae": 0.3643866777420044, "Val_mae": 0.40565410256385803, "Train_pcc": 0.9272576333800244, "Val_pcc": 0.901415896042943, "Epoch": 6, "_timestamp": 1749625300.4105222, "_runtime": 128.35388922691345, "_step": 8, "Best_Test_loss": 0.16803784668445587, "Best_Test_mae": 0.32066401839256287, "Best_Test_pcc": 0.9410058817047341, "Best_Epoch": 6, "Best_Val_loss": 0.3084821105003357, "_wandb": {"runtime": 127}}