{"Train_loss": 0.2246122807264328, "Val_loss": 0.17475087940692902, "Train_mae": 0.36806735396385193, "Val_mae": 0.32489776611328125, "Train_pcc": 0.9247310816853607, "Val_pcc": 0.9407781941044921, "Epoch": 6, "_timestamp": 1749646934.812348, "_runtime": 133.17723488807678, "_step": 8, "Best_Test_loss": 0.366257905960083, "Best_Test_mae": 0.42544791102409363, "Best_Test_pcc": 0.884578188118414, "Best_Epoch": 6, "Best_Val_loss": 0.17475087940692902, "_wandb": {"runtime": 131}}