{"Train_loss": 0.7438216805458069, "Val_loss": 0.8327146172523499, "Train_mae": 0.6759714484214783, "Val_mae": 0.7141540050506592, "Train_pcc": 0.7479881568348821, "Val_pcc": 0.7275545360654877, "Epoch": 6, "_timestamp": 1749638554.6988149, "_runtime": 131.9603247642517, "_step": 8, "Best_Test_loss": 0.6101957559585571, "Best_Test_mae": 0.6297160983085632, "Best_Test_pcc": 0.7753812334959643, "Best_Epoch": 6, "Best_Val_loss": 0.8327146172523499, "_wandb": {"runtime": 130}}