{"Train_loss": 0.2153220921754837, "Val_loss": 0.17379291355609894, "Train_mae": 0.3615938723087311, "Val_mae": 0.328069269657135, "Train_pcc": 0.9279587098737759, "Val_pcc": 0.941915932836771, "Epoch": 3, "_timestamp": 1749607074.4980338, "_runtime": 78.22441267967224, "_step": 5, "Best_Test_loss": 0.3555673658847809, "Best_Test_mae": 0.4200705587863922, "Best_Test_pcc": 0.8865629496371806, "Best_Epoch": 0, "Best_Val_loss": 0.17289267480373383, "_wandb": {"runtime": 75}}