{"Train_loss": 0.2314036637544632, "Val_loss": 0.2243165522813797, "Train_mae": 0.3632538616657257, "Val_mae": 0.3750162124633789, "Train_pcc": 0.9239228944822131, "Val_pcc": 0.9188680854131901, "Epoch": 6, "_timestamp": 1749637827.0786164, "_runtime": 132.18424034118652, "_step": 8, "Best_Test_loss": 0.2060733437538147, "Best_Test_mae": 0.3564167022705078, "Best_Test_pcc": 0.9336228567643026, "Best_Epoch": 6, "Best_Val_loss": 0.2243165522813797, "_wandb": {"runtime": 129}}