{"Train_loss": 7.914827823638916, "Val_loss": 7.011602878570557, "Train_mae": 2.5583560466766357, "Val_mae": 2.404585838317871, "Train_pcc": 0.3235275824243506, "Val_pcc": 0.3581044185026889, "Epoch": 6, "_timestamp": 1749603767.3685033, "_runtime": 129.72739934921265, "_step": 8, "Best_Test_loss": 6.768657684326172, "Best_Test_mae": 2.365692377090454, "Best_Test_pcc": 0.40531917461695255, "Best_Epoch": 6, "Best_Val_loss": 7.011602878570557, "_wandb": {"runtime": 128}}