{"Train_loss": 8.40002727508545, "Val_loss": 7.965130805969238, "Train_mae": 2.620358943939209, "Val_mae": 2.5612101554870605, "Train_pcc": 0.22255128792929085, "Val_pcc": 0.3050405768607622, "Epoch": 6, "_timestamp": 1749619815.5603154, "_runtime": 133.885977268219, "_step": 8, "Best_Test_loss": 7.123435020446777, "Best_Test_mae": 2.378129243850708, "Best_Test_pcc": 0.2797003948274032, "Best_Epoch": 6, "Best_Val_loss": 7.965130805969238, "_wandb": {"runtime": 132}}