{"Train_loss": 0.2074769288301468, "Val_loss": 0.19691985845565796, "Train_mae": 0.3473318815231323, "Val_mae": 0.34326714277267456, "Train_pcc": 0.9269467602455205, "Val_pcc": 0.9285440938314604, "Epoch": 6, "_timestamp": 1749647897.528928, "_runtime": 141.6710970401764, "_step": 8, "Best_Test_loss": 0.3246917724609375, "Best_Test_mae": 0.4403039216995239, "Best_Test_pcc": 0.9405852909952555, "Best_Epoch": 6, "Best_Val_loss": 0.19691985845565796, "_wandb": {"runtime": 138}}