{"Train_loss": 0.23850040137767792, "Val_loss": 0.15297488868236542, "Train_mae": 0.3680635094642639, "Val_mae": 0.30411630868911743, "Train_pcc": 0.9225593117955069, "Val_pcc": 0.9432748597567817, "Epoch": 4, "_timestamp": 1749602056.2104216, "_runtime": 89.81798768043518, "_step": 6, "Best_Test_loss": 0.22157222032546997, "Best_Test_mae": 0.3707089126110077, "Best_Test_pcc": 0.9188474231887133, "Best_Epoch": 1, "Best_Val_loss": 0.15285544097423553, "_wandb": {"runtime": 88}}