{"Train_loss": 0.22018098831176758, "Val_loss": 0.3330748677253723, "Train_mae": 0.35905858874320984, "Val_mae": 0.453260213136673, "Train_pcc": 0.9218429163048721, "Val_pcc": 0.94206212283149, "Epoch": 6, "_timestamp": 1749618790.2514203, "_runtime": 126.25954627990723, "_step": 8, "Best_Test_loss": 0.22056810557842255, "Best_Test_mae": 0.3586161434650421, "Best_Test_pcc": 0.9235944009708945, "Best_Epoch": 3, "Best_Val_loss": 0.33301499485969543, "_wandb": {"runtime": 123}}