{"Train_loss": 0.22986796498298645, "Val_loss": 0.19336619973182678, "Train_mae": 0.3619462847709656, "Val_mae": 0.3392241299152374, "Train_pcc": 0.9240761116169839, "Val_pcc": 0.9377320430821785, "Epoch": 6, "_timestamp": 1749603135.685511, "_runtime": 123.99328303337097, "_step": 8, "Best_Test_loss": 0.22234635055065155, "Best_Test_mae": 0.36721858382225037, "Best_Test_pcc": 0.9191036819502182, "Best_Epoch": 3, "Best_Val_loss": 0.19336192309856415, "_wandb": {"runtime": 122}}