{"Train_loss": 0.2644155025482178, "Val_loss": 0.24595515429973602, "Train_mae": 0.4166928231716156, "Val_mae": 0.4067990779876709, "Train_pcc": 0.9124923437498526, "Val_pcc": 0.9153324216369292, "Epoch": 6, "_timestamp": 1749617520.1913702, "_runtime": 132.62520623207092, "_step": 8, "Best_Test_loss": 0.20459799468517303, "Best_Test_mae": 0.37872302532196045, "Best_Test_pcc": 0.9305387832202346, "Best_Epoch": 6, "Best_Val_loss": 0.24595515429973602, "_wandb": {"runtime": 131}}