{"Train_loss": 0.22340033948421478, "Val_loss": 0.18165898323059082, "Train_mae": 0.37019145488739014, "Val_mae": 0.3371148109436035, "Train_pcc": 0.9252277201208723, "Val_pcc": 0.9396254073662061, "Epoch": 6, "_timestamp": 1749620406.5946095, "_runtime": 132.90310645103455, "_step": 8, "Best_Test_loss": 0.3564245104789734, "Best_Test_mae": 0.4270215928554535, "Best_Test_pcc": 0.8846924656644338, "Best_Epoch": 6, "Best_Val_loss": 0.18165898323059082, "_wandb": {"runtime": 129}}