{"Train_loss": 0.21700029075145721, "Val_loss": 0.17263787984848022, "Train_mae": 0.3629421591758728, "Val_mae": 0.32732895016670227, "Train_pcc": 0.927389712893199, "Val_pcc": 0.9419292098150651, "Epoch": 6, "_timestamp": 1749633225.0493798, "_runtime": 144.50865387916565, "_step": 8, "Best_Test_loss": 0.3743037283420563, "Best_Test_mae": 0.4316456913948059, "Best_Test_pcc": 0.882859502885014, "Best_Epoch": 5, "Best_Val_loss": 0.17263555526733398, "_wandb": {"runtime": 143}}