{"Train_loss": 0.2154325693845749, "Val_loss": 0.3421010375022888, "Train_mae": 0.35181763768196106, "Val_mae": 0.4532354772090912, "Train_pcc": 0.9236561967829973, "Val_pcc": 0.9406646432165038, "Epoch": 6, "_timestamp": 1749645378.2553535, "_runtime": 135.3964774608612, "_step": 8, "Best_Test_loss": 0.2167052924633026, "Best_Test_mae": 0.34799492359161377, "Best_Test_pcc": 0.9251029891860199, "Best_Epoch": 4, "Best_Val_loss": 0.3421007990837097, "_wandb": {"runtime": 133}}