{"Train_loss": 0.232737198472023, "Val_loss": 0.21669715642929077, "Train_mae": 0.3601398169994354, "Val_mae": 0.3619132936000824, "Train_pcc": 0.9235550546364046, "Val_pcc": 0.9189015781214253, "Epoch": 4, "_timestamp": 1749624532.1200838, "_runtime": 90.4473328590393, "_step": 6, "Best_Test_loss": 0.21329651772975922, "Best_Test_mae": 0.35746702551841736, "Best_Test_pcc": 0.9339230114374629, "Best_Epoch": 1, "Best_Val_loss": 0.2145737111568451, "_wandb": {"runtime": 89}}