{"Train_loss": 0.23000308871269226, "Val_loss": 0.1962376832962036, "Train_mae": 0.3641142249107361, "Val_mae": 0.34458136558532715, "Train_pcc": 0.923931631851286, "Val_pcc": 0.937666685203249, "Epoch": 6, "_timestamp": 1749602850.8556232, "_runtime": 128.48094034194946, "_step": 8, "Best_Test_loss": 0.22037866711616516, "Best_Test_mae": 0.3681710958480835, "Best_Test_pcc": 0.9189831664642085, "Best_Epoch": 6, "Best_Val_loss": 0.1962376832962036, "_wandb": {"runtime": 127}}