{"Train_loss": 0.23942555487155914, "Val_loss": 0.22767597436904907, "Train_mae": 0.3757319152355194, "Val_mae": 0.36311230063438416, "Train_pcc": 0.9205854380055406, "Val_pcc": 0.9229991483605859, "Epoch": 3, "_timestamp": 1749644120.6437604, "_runtime": 71.06295251846313, "_step": 5, "Best_Test_loss": 0.18490225076675415, "Best_Test_mae": 0.34032106399536133, "Best_Test_pcc": 0.9387818112073317, "Best_Epoch": 0, "Best_Val_loss": 0.22358153760433197, "_wandb": {"runtime": 68}}