{"Train_loss": 0.2667067050933838, "Val_loss": 0.24902217090129852, "Train_mae": 0.4195442199707031, "Val_mae": 0.41135627031326294, "Train_pcc": 0.9121257729166292, "Val_pcc": 0.9143099408560375, "Epoch": 6, "_timestamp": 1749617376.8340955, "_runtime": 133.35203957557678, "_step": 8, "Best_Test_loss": 0.20651666820049286, "Best_Test_mae": 0.38185977935791016, "Best_Test_pcc": 0.9296337140793829, "Best_Epoch": 6, "Best_Val_loss": 0.24902217090129852, "_wandb": {"runtime": 132}}