{"Train_loss": 0.2753218114376068, "Val_loss": 0.17752958834171295, "Train_mae": 0.407123863697052, "Val_mae": 0.3363068997859955, "Train_pcc": 0.9104315112630711, "Val_pcc": 0.9339508492562096, "Epoch": 6, "_timestamp": 1749627736.470527, "_runtime": 134.4747428894043, "_step": 8, "Best_Test_loss": 0.2426600605249405, "Best_Test_mae": 0.3954920470714569, "Best_Test_pcc": 0.9115225807928796, "Best_Epoch": 6, "Best_Val_loss": 0.17752958834171295, "_wandb": {"runtime": 132}}