{"Train_loss": 0.23860548436641693, "Val_loss": 0.2260381281375885, "Train_mae": 0.37287572026252747, "Val_mae": 0.3622647821903229, "Train_pcc": 0.9206372957077331, "Val_pcc": 0.9231008550873586, "Epoch": 3, "_timestamp": 1749643925.096332, "_runtime": 71.71592712402344, "_step": 5, "Best_Test_loss": 0.18403108417987823, "Best_Test_mae": 0.33861806988716125, "Best_Test_pcc": 0.9384834848990841, "Best_Epoch": 0, "Best_Val_loss": 0.2233888953924179, "_wandb": {"runtime": 69}}