{"Train_loss": 0.23253962397575378, "Val_loss": 0.19474299252033234, "Train_mae": 0.36960554122924805, "Val_mae": 0.34594249725341797, "Train_pcc": 0.9232743506698333, "Val_pcc": 0.9379567276880973, "Epoch": 6, "_timestamp": 1749629896.3714602, "_runtime": 124.9725182056427, "_step": 8, "Best_Test_loss": 0.22403906285762787, "Best_Test_mae": 0.37464287877082825, "Best_Test_pcc": 0.9191458278886968, "Best_Epoch": 5, "Best_Val_loss": 0.19474299252033234, "_wandb": {"runtime": 123}}