{"Train_loss": 1.2170462608337402, "Val_loss": 1.0911922454833984, "Train_mae": 0.8491232991218567, "Val_mae": 0.8031294345855713, "Train_pcc": 0.6263476635845574, "Val_pcc": 0.6515272048412251, "Epoch": 6, "_timestamp": 1749646497.0719938, "_runtime": 132.08155179023743, "_step": 8, "Best_Test_loss": 1.0847326517105103, "Best_Test_mae": 0.8136774301528931, "Best_Test_pcc": 0.6141002636871056, "Best_Epoch": 6, "Best_Val_loss": 1.0911922454833984, "_wandb": {"runtime": 129}}