{"Train_loss": 0.23879271745681763, "Val_loss": 0.2351435422897339, "Train_mae": 0.37547412514686584, "Val_mae": 0.38922563195228577, "Train_pcc": 0.9213707575471166, "Val_pcc": 0.9146381076084604, "Epoch": 6, "_timestamp": 1749610722.5919938, "_runtime": 140.41757082939148, "_step": 8, "Best_Test_loss": 0.2129715383052826, "Best_Test_mae": 0.3687201738357544, "Best_Test_pcc": 0.9312693190841465, "Best_Epoch": 6, "Best_Val_loss": 0.2351435422897339, "_wandb": {"runtime": 139}}