{"Train_loss": 0.23747169971466064, "Val_loss": 0.18928484618663788, "Train_mae": 0.37670260667800903, "Val_mae": 0.3446402847766876, "Train_pcc": 0.921226685601968, "Val_pcc": 0.9356602380967803, "Epoch": 3, "_timestamp": 1749595991.4191372, "_runtime": 82.90278220176697, "_step": 5, "Best_Test_loss": 0.17434048652648926, "Best_Test_mae": 0.33265653252601624, "Best_Test_pcc": 0.9417565417231617, "Best_Epoch": 0, "Best_Val_loss": 0.18899373710155487, "_wandb": {"runtime": 81}}