{"Train_loss": 0.24224671721458435, "Val_loss": 0.15880149602890015, "Train_mae": 0.376442551612854, "Val_mae": 0.31427469849586487, "Train_pcc": 0.9215248353006188, "Val_pcc": 0.9425208724341297, "Epoch": 6, "_timestamp": 1749627892.8698165, "_runtime": 136.64581561088562, "_step": 8, "Best_Test_loss": 0.22784632444381714, "Best_Test_mae": 0.3810487389564514, "Best_Test_pcc": 0.918496865145011, "Best_Epoch": 6, "Best_Val_loss": 0.15880149602890015, "_wandb": {"runtime": 135}}