{"Train_loss": 0.26430386304855347, "Val_loss": 0.24682766199111938, "Train_mae": 0.3923269808292389, "Val_mae": 0.390625, "Train_pcc": 0.9133275295158962, "Val_pcc": 0.9098821855748952, "Epoch": 6, "_timestamp": 1749610216.897799, "_runtime": 132.72082710266113, "_step": 8, "Best_Test_loss": 0.22617711126804352, "Best_Test_mae": 0.3742541968822479, "Best_Test_pcc": 0.9259678622103826, "Best_Epoch": 6, "Best_Val_loss": 0.24682766199111938, "_wandb": {"runtime": 131}}