{"Train_loss": 0.24349267780780792, "Val_loss": 0.18798568844795227, "Train_mae": 0.3767034113407135, "Val_mae": 0.3392116129398346, "Train_pcc": 0.919107408381906, "Val_pcc": 0.9356004255699817, "Epoch": 4, "_timestamp": 1749635996.1045089, "_runtime": 88.32919979095459, "_step": 6, "Best_Test_loss": 0.1738988757133484, "Best_Test_mae": 0.32730942964553833, "Best_Test_pcc": 0.9416304257173863, "Best_Epoch": 1, "Best_Val_loss": 0.18772397935390472, "_wandb": {"runtime": 87}}