{"Train_loss": 0.24784904718399048, "Val_loss": 0.18589524924755096, "Train_mae": 0.38208040595054626, "Val_mae": 0.3408769965171814, "Train_pcc": 0.9177071467910112, "Val_pcc": 0.9357534197765032, "Epoch": 4, "_timestamp": 1749623021.6572232, "_runtime": 88.80590534210205, "_step": 6, "Best_Test_loss": 0.16816991567611694, "Best_Test_mae": 0.32570528984069824, "Best_Test_pcc": 0.9427040505895745, "Best_Epoch": 1, "Best_Val_loss": 0.182895228266716, "_wandb": {"runtime": 87}}