{"Train_loss": 0.22594016790390015, "Val_loss": 0.1901317983865738, "Train_mae": 0.36424002051353455, "Val_mae": 0.3399921953678131, "Train_pcc": 0.9242262636203156, "Val_pcc": 0.9379467570233754, "Epoch": 6, "_timestamp": 1749626915.0338058, "_runtime": 125.48979878425598, "_step": 8, "Best_Test_loss": 0.20153813064098358, "Best_Test_mae": 0.34639933705329895, "Best_Test_pcc": 0.9378704875635157, "Best_Epoch": 6, "Best_Val_loss": 0.1901317983865738, "_wandb": {"runtime": 123}}