{"Train_loss": 11.80189037322998, "Val_loss": 12.036125183105469, "Train_mae": 3.1325843334198, "Val_mae": 3.1761481761932373, "Train_pcc": -0.08209389984656584, "Val_pcc": -0.0788677760564543, "Epoch": 6, "_timestamp": 1749646060.6870086, "_runtime": 133.04872465133667, "_step": 8, "Best_Test_loss": 11.049356460571289, "Best_Test_mae": 3.0155904293060303, "Best_Test_pcc": -0.06204356870324157, "Best_Epoch": 6, "Best_Val_loss": 12.036125183105469, "_wandb": {"runtime": 131}}