{"Train_loss": 0.24008625745773315, "Val_loss": 0.155110701918602, "Train_mae": 0.37036800384521484, "Val_mae": 0.3061663806438446, "Train_pcc": 0.922239055125057, "Val_pcc": 0.9432936971023217, "Epoch": 4, "_timestamp": 1749628203.189146, "_runtime": 90.8131959438324, "_step": 6, "Best_Test_loss": 0.2244977205991745, "Best_Test_mae": 0.3736516535282135, "Best_Test_pcc": 0.9188023089708587, "Best_Epoch": 1, "Best_Val_loss": 0.1550268828868866, "_wandb": {"runtime": 88}}