{"Train_loss": 8.241537094116211, "Val_loss": 8.074912071228027, "Train_mae": 2.5991287231445312, "Val_mae": 2.6099772453308105, "Train_pcc": 0.2705604027664012, "Val_pcc": 0.35599641340381694, "Epoch": 6, "_timestamp": 1749635601.5260742, "_runtime": 125.06934309005737, "_step": 8, "Best_Test_loss": 8.001614570617676, "Best_Test_mae": 2.5733208656311035, "Best_Test_pcc": 0.3192730325633727, "Best_Epoch": 6, "Best_Val_loss": 8.074912071228027, "_wandb": {"runtime": 123}}