{"Train_loss": 0.23101173341274261, "Val_loss": 0.19521640241146088, "Train_mae": 0.37034106254577637, "Val_mae": 0.34733983874320984, "Train_pcc": 0.923634204190485, "Val_pcc": 0.9375639717223232, "Epoch": 6, "_timestamp": 1749602483.1798942, "_runtime": 128.58087420463562, "_step": 8, "Best_Test_loss": 0.2293418049812317, "Best_Test_mae": 0.37987807393074036, "Best_Test_pcc": 0.9176413661154634, "Best_Epoch": 6, "Best_Val_loss": 0.19521640241146088, "_wandb": {"runtime": 127}}