{"Train_loss": 0.23683428764343262, "Val_loss": 0.22603599727153778, "Train_mae": 0.3749188780784607, "Val_mae": 0.36289024353027344, "Train_pcc": 0.9211427551383095, "Val_pcc": 0.9218897850909111, "Epoch": 6, "_timestamp": 1749617975.314305, "_runtime": 130.0688920021057, "_step": 8, "Best_Test_loss": 0.1837053894996643, "Best_Test_mae": 0.33854204416275024, "Best_Test_pcc": 0.9383312079234964, "Best_Epoch": 5, "Best_Val_loss": 0.2260359227657318, "_wandb": {"runtime": 128}}