{"Train_loss": 0.2478286474943161, "Val_loss": 0.3308103084564209, "Train_mae": 0.39303019642829895, "Val_mae": 0.4293876886367798, "Train_pcc": 0.9185192106336152, "Val_pcc": 0.8940564989433609, "Epoch": 6, "_timestamp": 1749625159.2050314, "_runtime": 149.13312029838562, "_step": 8, "Best_Test_loss": 0.1906437873840332, "Best_Test_mae": 0.34650278091430664, "Best_Test_pcc": 0.929547340808138, "Best_Epoch": 6, "Best_Val_loss": 0.3308103084564209, "_wandb": {"runtime": 147}}