{"Train_loss": 0.2434556782245636, "Val_loss": 0.20081999897956848, "Train_mae": 0.3752325475215912, "Val_mae": 0.34545013308525085, "Train_pcc": 0.9198909135961165, "Val_pcc": 0.9351858533141075, "Epoch": 6, "_timestamp": 1749595608.1103513, "_runtime": 165.54765939712524, "_step": 8, "Best_Test_loss": 0.1893334686756134, "Best_Test_mae": 0.33750200271606445, "Best_Test_pcc": 0.9400803522098329, "Best_Epoch": 6, "Best_Val_loss": 0.20081999897956848, "_wandb": {"runtime": 163}}