{"Train_loss": 0.23158025741577148, "Val_loss": 0.21793456375598907, "Train_mae": 0.3541223704814911, "Val_mae": 0.3625497817993164, "Train_pcc": 0.9238498313623782, "Val_pcc": 0.9189363352151265, "Epoch": 3, "_timestamp": 1749597831.2495286, "_runtime": 73.22437763214111, "_step": 5, "Best_Test_loss": 0.23940110206604004, "Best_Test_mae": 0.3869956135749817, "Best_Test_pcc": 0.9276839299902505, "Best_Epoch": 0, "Best_Val_loss": 0.20537133514881134, "_wandb": {"runtime": 71}}