{"Train_loss": 0.22481514513492584, "Val_loss": 0.18298369646072388, "Train_mae": 0.3642614185810089, "Val_mae": 0.3347024917602539, "Train_pcc": 0.9245208623505375, "Val_pcc": 0.9385681193593696, "Epoch": 6, "_timestamp": 1749640085.505285, "_runtime": 128.0573079586029, "_step": 8, "Best_Test_loss": 0.1974332332611084, "Best_Test_mae": 0.3443015217781067, "Best_Test_pcc": 0.9382767949970555, "Best_Epoch": 5, "Best_Val_loss": 0.18298369646072388, "_wandb": {"runtime": 126}}