{"Train_loss": 0.21708808839321136, "Val_loss": 0.3050048351287842, "Train_mae": 0.36070042848587036, "Val_mae": 0.4037071466445923, "Train_pcc": 0.9285523828102804, "Val_pcc": 0.9024181140197763, "Epoch": 4, "_timestamp": 1749626074.8251498, "_runtime": 86.15844583511353, "_step": 6, "Best_Test_loss": 0.16164998710155487, "Best_Test_mae": 0.3121162950992584, "Best_Test_pcc": 0.9409432795494439, "Best_Epoch": 1, "Best_Val_loss": 0.30411383509635925, "_wandb": {"runtime": 84}}