{"Train_loss": 0.8271486759185791, "Val_loss": 0.6358795166015625, "Train_mae": 0.71385657787323, "Val_mae": 0.6217344403266907, "Train_pcc": 0.7089416774876105, "Val_pcc": 0.7417241175564587, "Epoch": 6, "_timestamp": 1749641198.3813436, "_runtime": 137.9716546535492, "_step": 8, "Best_Test_loss": 0.6972709894180298, "Best_Test_mae": 0.659588634967804, "Best_Test_pcc": 0.7227545467178453, "Best_Epoch": 6, "Best_Val_loss": 0.6358795166015625, "_wandb": {"runtime": 135}}