{"Train_loss": 0.24231098592281342, "Val_loss": 0.1590331792831421, "Train_mae": 0.37410610914230347, "Val_mae": 0.3124942183494568, "Train_pcc": 0.9215570238651646, "Val_pcc": 0.9431257954233686, "Epoch": 3, "_timestamp": 1749628097.691903, "_runtime": 71.6197612285614, "_step": 5, "Best_Test_loss": 0.22549653053283691, "Best_Test_mae": 0.3719053864479065, "Best_Test_pcc": 0.9190538559563234, "Best_Epoch": 0, "Best_Val_loss": 0.15632763504981995, "_wandb": {"runtime": 69}}