{"Train_loss": 0.230753555893898, "Val_loss": 0.19387748837471008, "Train_mae": 0.36640116572380066, "Val_mae": 0.3429188132286072, "Train_pcc": 0.9237477003952673, "Val_pcc": 0.9380423089776998, "Epoch": 6, "_timestamp": 1749643302.8636234, "_runtime": 130.58977437019348, "_step": 8, "Best_Test_loss": 0.22470276057720184, "Best_Test_mae": 0.37267404794692993, "Best_Test_pcc": 0.9196048487918693, "Best_Epoch": 5, "Best_Val_loss": 0.193876713514328, "_wandb": {"runtime": 127}}