{"Train_loss": 0.22087503969669342, "Val_loss": 0.34624195098876953, "Train_mae": 0.35322102904319763, "Val_mae": 0.45928770303726196, "Train_pcc": 0.9216042951230301, "Val_pcc": 0.9401229794442347, "Epoch": 3, "_timestamp": 1749645462.0425162, "_runtime": 72.64075422286987, "_step": 5, "Best_Test_loss": 0.2805238962173462, "Best_Test_mae": 0.41278359293937683, "Best_Test_pcc": 0.9106777079573064, "Best_Epoch": 0, "Best_Val_loss": 0.32534557580947876, "_wandb": {"runtime": 69}}