{"Train_loss": 0.22019696235656738, "Val_loss": 0.20411768555641174, "Train_mae": 0.36025261878967285, "Val_mae": 0.349099725484848, "Train_pcc": 0.9222467367441436, "Val_pcc": 0.9292564616755283, "Epoch": 4, "_timestamp": 1749607942.6389215, "_runtime": 91.55450749397278, "_step": 6, "Best_Test_loss": 0.3380918800830841, "Best_Test_mae": 0.4493565261363983, "Best_Test_pcc": 0.9379660878402832, "Best_Epoch": 1, "Best_Val_loss": 0.19815155863761902, "_wandb": {"runtime": 90}}