{"Train_loss": 0.22053298354148865, "Val_loss": 0.30991601943969727, "Train_mae": 0.3660776615142822, "Val_mae": 0.40983423590660095, "Train_pcc": 0.9274627541036851, "Val_pcc": 0.9009222310585672, "Epoch": 6, "_timestamp": 1749625443.9890945, "_runtime": 132.34173560142517, "_step": 8, "Best_Test_loss": 0.16593804955482483, "Best_Test_mae": 0.32069453597068787, "Best_Test_pcc": 0.9411032668312683, "Best_Epoch": 6, "Best_Val_loss": 0.30991601943969727, "_wandb": {"runtime": 130}}