{"Train_loss": 0.23027239739894867, "Val_loss": 0.22108526527881622, "Train_mae": 0.35933852195739746, "Val_mae": 0.3677007555961609, "Train_pcc": 0.9242885310243837, "Val_pcc": 0.9189398328365789, "Epoch": 5, "_timestamp": 1749611134.0553856, "_runtime": 109.86272048950195, "_step": 7, "Best_Test_loss": 0.21093624830245972, "Best_Test_mae": 0.35608169436454773, "Best_Test_pcc": 0.9352428840262634, "Best_Epoch": 2, "Best_Val_loss": 0.220016211271286, "_wandb": {"runtime": 108}}