{"Train_loss": 0.2253318428993225, "Val_loss": 0.18880851566791534, "Train_mae": 0.36323508620262146, "Val_mae": 0.33884862065315247, "Train_pcc": 0.9243749529995099, "Val_pcc": 0.9380956362231188, "Epoch": 6, "_timestamp": 1749627208.3315754, "_runtime": 135.55455231666565, "_step": 8, "Best_Test_loss": 0.19958768784999847, "Best_Test_mae": 0.3448733985424042, "Best_Test_pcc": 0.9380274254390429, "Best_Epoch": 5, "Best_Val_loss": 0.18880851566791534, "_wandb": {"runtime": 133}}