{"Train_loss": 0.29049810767173767, "Val_loss": 0.22067560255527496, "Train_mae": 0.42241472005844116, "Val_mae": 0.38497263193130493, "Train_pcc": 0.9053268927777084, "Val_pcc": 0.9263006693118043, "Epoch": 6, "_timestamp": 1749608858.7353761, "_runtime": 127.67417311668396, "_step": 8, "Best_Test_loss": 0.21149538457393646, "Best_Test_mae": 0.3767907917499542, "Best_Test_pcc": 0.93134780461039, "Best_Epoch": 6, "Best_Val_loss": 0.22067560255527496, "_wandb": {"runtime": 126}}