{"Train_loss": 0.23271384835243225, "Val_loss": 0.2215130627155304, "Train_mae": 0.3646496534347534, "Val_mae": 0.3706094026565552, "Train_pcc": 0.9233226892023088, "Val_pcc": 0.9183838930762296, "Epoch": 6, "_timestamp": 1749610865.9914217, "_runtime": 132.27045679092407, "_step": 8, "Best_Test_loss": 0.20841620862483978, "Best_Test_mae": 0.3565230667591095, "Best_Test_pcc": 0.9339779991907605, "Best_Epoch": 4, "Best_Val_loss": 0.22150950133800507, "_wandb": {"runtime": 130}}