{"Train_loss": 0.22824645042419434, "Val_loss": 0.1840948760509491, "Train_mae": 0.3678002953529358, "Val_mae": 0.3363233506679535, "Train_pcc": 0.9233836810534627, "Val_pcc": 0.9383318881629632, "Epoch": 5, "_timestamp": 1749599836.1787958, "_runtime": 111.75055384635925, "_step": 7, "Best_Test_loss": 0.1998077780008316, "Best_Test_mae": 0.3471836745738983, "Best_Test_pcc": 0.9375639378671602, "Best_Epoch": 2, "Best_Val_loss": 0.1839887946844101, "_wandb": {"runtime": 110}}