{"Train_loss": 0.22551555931568146, "Val_loss": 0.18656675517559052, "Train_mae": 0.36222827434539795, "Val_mae": 0.33501940965652466, "Train_pcc": 0.9243461043337817, "Val_pcc": 0.9373667490057445, "Epoch": 6, "_timestamp": 1749613949.8770185, "_runtime": 129.15067839622498, "_step": 8, "Best_Test_loss": 0.1983136236667633, "Best_Test_mae": 0.3419971168041229, "Best_Test_pcc": 0.9377733403319721, "Best_Epoch": 6, "Best_Val_loss": 0.18656675517559052, "_wandb": {"runtime": 127}}