{"Train_loss": 0.21609574556350708, "Val_loss": 0.30792826414108276, "Train_mae": 0.3622181713581085, "Val_mae": 0.408975213766098, "Train_pcc": 0.928719687502536, "Val_pcc": 0.9014498742172503, "Epoch": 6, "_timestamp": 1749598999.3212376, "_runtime": 131.5129656791687, "_step": 8, "Best_Test_loss": 0.16237682104110718, "Best_Test_mae": 0.3173598647117615, "Best_Test_pcc": 0.9410742603655966, "Best_Epoch": 6, "Best_Val_loss": 0.30792826414108276, "_wandb": {"runtime": 129}}