{"Train_loss": 0.23195844888687134, "Val_loss": 0.22056956589221954, "Train_mae": 0.36018529534339905, "Val_mae": 0.36659741401672363, "Train_pcc": 0.9237539596073095, "Val_pcc": 0.9190152782691562, "Epoch": 3, "_timestamp": 1749624840.550882, "_runtime": 71.30090808868408, "_step": 5, "Best_Test_loss": 0.2060406655073166, "Best_Test_mae": 0.35156553983688354, "Best_Test_pcc": 0.9345011168355356, "Best_Epoch": 0, "Best_Val_loss": 0.22055359184741974, "_wandb": {"runtime": 69}}