{"Train_loss": 9.441876411437988, "Val_loss": 8.392739295959473, "Train_mae": 2.824920654296875, "Val_mae": 2.6651928424835205, "Train_pcc": 0.3024240148159464, "Val_pcc": 0.4273499675614019, "Epoch": 6, "_timestamp": 1749615584.9504697, "_runtime": 127.05403065681458, "_step": 8, "Best_Test_loss": 8.960284233093262, "Best_Test_mae": 2.8042490482330322, "Best_Test_pcc": 0.4267293190936595, "Best_Epoch": 6, "Best_Val_loss": 8.392739295959473, "_wandb": {"runtime": 125}}