{"Train_loss": 1.7217572927474976, "Val_loss": 1.4427988529205322, "Train_mae": 1.0542733669281006, "Val_mae": 0.9646575450897217, "Train_pcc": 0.564572003349366, "Val_pcc": 0.5470283187676687, "Epoch": 6, "_timestamp": 1749623706.685441, "_runtime": 131.58755707740784, "_step": 8, "Best_Test_loss": 1.6096689701080322, "Best_Test_mae": 1.030535101890564, "Best_Test_pcc": 0.5909394859808106, "Best_Epoch": 6, "Best_Val_loss": 1.4427988529205322, "_wandb": {"runtime": 130}}