{"Train_loss": 0.24013490974903107, "Val_loss": 0.19239409267902374, "Train_mae": 0.37616077065467834, "Val_mae": 0.34477540850639343, "Train_pcc": 0.9201687577166725, "Val_pcc": 0.936386433943627, "Epoch": 6, "_timestamp": 1749595425.0843115, "_runtime": 200.18107652664185, "_step": 8, "Best_Test_loss": 0.18351618945598602, "Best_Test_mae": 0.33769872784614563, "Best_Test_pcc": 0.939687703546864, "Best_Epoch": 3, "Best_Val_loss": 0.19209040701389313, "_wandb": {"runtime": 197}}