{"Train_loss": 0.21673890948295593, "Val_loss": 0.17308679223060608, "Train_mae": 0.3628252446651459, "Val_mae": 0.3272210657596588, "Train_pcc": 0.9275532862569813, "Val_pcc": 0.941681166010022, "Epoch": 6, "_timestamp": 1749606984.1028345, "_runtime": 134.52596044540405, "_step": 8, "Best_Test_loss": 0.3594991862773895, "Best_Test_mae": 0.4223231077194214, "Best_Test_pcc": 0.8863704868426976, "Best_Epoch": 5, "Best_Val_loss": 0.17307953536510468, "_wandb": {"runtime": 131}}