{"Train_loss": 2.577763319015503, "Val_loss": 2.187121868133545, "Train_mae": 1.2499487400054932, "Val_mae": 1.141245722770691, "Train_pcc": 0.2991229049073568, "Val_pcc": 0.3348165923769076, "Epoch": 6, "_timestamp": 1749599424.896889, "_runtime": 126.19285607337952, "_step": 8, "Best_Test_loss": 2.1852526664733887, "Best_Test_mae": 1.1248042583465576, "Best_Test_pcc": 0.32723106002449454, "Best_Epoch": 6, "Best_Val_loss": 2.187121868133545, "_wandb": {"runtime": 123}}