{"Train_loss": 0.9104394316673279, "Val_loss": 0.7732822895050049, "Train_mae": 0.7339895963668823, "Val_mae": 0.6843953728675842, "Train_pcc": 0.6980316256308114, "Val_pcc": 0.7079017569923645, "Epoch": 6, "_timestamp": 1749634395.6868465, "_runtime": 133.29001259803772, "_step": 8, "Best_Test_loss": 1.1378028392791748, "Best_Test_mae": 0.8336972594261169, "Best_Test_pcc": 0.7130041209912831, "Best_Epoch": 6, "Best_Val_loss": 0.7732822895050049, "_wandb": {"runtime": 131}}