{"Train_loss": 0.22064359486103058, "Val_loss": 0.30904263257980347, "Train_mae": 0.36875659227371216, "Val_mae": 0.4127984046936035, "Train_pcc": 0.927449383746004, "Val_pcc": 0.9009620205805794, "Epoch": 6, "_timestamp": 1749625590.5543838, "_runtime": 134.21223878860474, "_step": 8, "Best_Test_loss": 0.1628430336713791, "Best_Test_mae": 0.3209315538406372, "Best_Test_pcc": 0.9401480621849928, "Best_Epoch": 6, "Best_Val_loss": 0.30904263257980347, "_wandb": {"runtime": 132}}