{"Train_loss": 0.2774480879306793, "Val_loss": 0.1942625343799591, "Train_mae": 0.4020858407020569, "Val_mae": 0.3386440575122833, "Train_pcc": 0.910287740437147, "Val_pcc": 0.9380240017542819, "Epoch": 6, "_timestamp": 1749614824.272637, "_runtime": 128.79415678977966, "_step": 8, "Best_Test_loss": 0.27082717418670654, "Best_Test_mae": 0.4071536958217621, "Best_Test_pcc": 0.9122148020241861, "Best_Epoch": 6, "Best_Val_loss": 0.1942625343799591, "_wandb": {"runtime": 127}}