{"Train_loss": 8.143818855285645, "Val_loss": 7.98215389251709, "Train_mae": 2.581571102142334, "Val_mae": 2.5926883220672607, "Train_pcc": 0.2776781889805626, "Val_pcc": 0.35825601792810474, "Epoch": 6, "_timestamp": 1749635747.67207, "_runtime": 126.91057991981506, "_step": 8, "Best_Test_loss": 7.908952236175537, "Best_Test_mae": 2.5559937953948975, "Best_Test_pcc": 0.3219460070596094, "Best_Epoch": 6, "Best_Val_loss": 7.98215389251709, "_wandb": {"runtime": 124}}