{"Train_loss": 0.21736255288124084, "Val_loss": 0.19963088631629944, "Train_mae": 0.35641124844551086, "Val_mae": 0.34671643376350403, "Train_pcc": 0.9236087566209366, "Val_pcc": 0.9265694335074917, "Epoch": 3, "_timestamp": 1749634990.5194786, "_runtime": 72.46549963951111, "_step": 5, "Best_Test_loss": 0.33133912086486816, "Best_Test_mae": 0.44426119327545166, "Best_Test_pcc": 0.9386956883519827, "Best_Epoch": 0, "Best_Val_loss": 0.19944925606250763, "_wandb": {"runtime": 70}}