{"Train_loss": 0.23238490521907806, "Val_loss": 0.19611193239688873, "Train_mae": 0.36817705631256104, "Val_mae": 0.3446073532104492, "Train_pcc": 0.92314027008335, "Val_pcc": 0.9382359365498346, "Epoch": 3, "_timestamp": 1749642662.9071627, "_runtime": 71.13789176940918, "_step": 5, "Best_Test_loss": 0.22010640799999237, "Best_Test_mae": 0.3671705424785614, "Best_Test_pcc": 0.9198952002449996, "Best_Epoch": 0, "Best_Val_loss": 0.19478462636470795, "_wandb": {"runtime": 70}}