{"Train_loss": 0.23808054625988007, "Val_loss": 0.22562934458255768, "Train_mae": 0.3741503357887268, "Val_mae": 0.36339494585990906, "Train_pcc": 0.9207330327732185, "Val_pcc": 0.9226863061056123, "Epoch": 5, "_timestamp": 1749604707.6212687, "_runtime": 108.56768774986267, "_step": 7, "Best_Test_loss": 0.18587026000022888, "Best_Test_mae": 0.3410831391811371, "Best_Test_pcc": 0.9386095509131311, "Best_Epoch": 2, "Best_Val_loss": 0.22561535239219666, "_wandb": {"runtime": 107}}