{"Train_loss": 0.23683016002178192, "Val_loss": 0.22713710367679596, "Train_mae": 0.3734976649284363, "Val_mae": 0.36357614398002625, "Train_pcc": 0.9212315813877541, "Val_pcc": 0.9222738937362273, "Epoch": 6, "_timestamp": 1749644405.6983392, "_runtime": 135.11698627471924, "_step": 8, "Best_Test_loss": 0.18662923574447632, "Best_Test_mae": 0.3407071828842163, "Best_Test_pcc": 0.9381663196510706, "Best_Epoch": 6, "Best_Val_loss": 0.22713710367679596, "_wandb": {"runtime": 132}}