{"Train_loss": 1.652282476425171, "Val_loss": 1.3790867328643799, "Train_mae": 1.0307284593582153, "Val_mae": 0.9412714838981628, "Train_pcc": 0.5755225991605701, "Val_pcc": 0.5603636909182802, "Epoch": 6, "_timestamp": 1749623850.929093, "_runtime": 131.09896683692932, "_step": 8, "Best_Test_loss": 1.535010814666748, "Best_Test_mae": 1.002242922782898, "Best_Test_pcc": 0.604130197180956, "Best_Epoch": 6, "Best_Val_loss": 1.3790867328643799, "_wandb": {"runtime": 128}}