{"Train_loss": 0.23000159859657288, "Val_loss": 0.19262918829917908, "Train_mae": 0.3655068576335907, "Val_mae": 0.3419498801231384, "Train_pcc": 0.9239541321105049, "Val_pcc": 0.9381611128797385, "Epoch": 4, "_timestamp": 1749643409.7439451, "_runtime": 88.48548913002014, "_step": 6, "Best_Test_loss": 0.22353732585906982, "Best_Test_mae": 0.3719063699245453, "Best_Test_pcc": 0.9195429417599867, "Best_Epoch": 1, "Best_Val_loss": 0.19257058203220367, "_wandb": {"runtime": 87}}