{"Train_loss": 0.22939586639404297, "Val_loss": 0.21962372958660126, "Train_mae": 0.35750865936279297, "Val_mae": 0.3658056855201721, "Train_pcc": 0.9244496503096803, "Val_pcc": 0.9185402763813786, "Epoch": 6, "_timestamp": 1749597590.8827045, "_runtime": 127.86233758926392, "_step": 8, "Best_Test_loss": 0.20759864151477814, "Best_Test_mae": 0.35391491651535034, "Best_Test_pcc": 0.934511602230696, "Best_Epoch": 4, "Best_Val_loss": 0.21960480511188507, "_wandb": {"runtime": 126}}