{"Train_loss": 0.2142268419265747, "Val_loss": 0.33960819244384766, "Train_mae": 0.34375420212745667, "Val_mae": 0.4466414749622345, "Train_pcc": 0.9240265510509408, "Val_pcc": 0.9405868055576044, "Epoch": 3, "_timestamp": 1749645692.6702774, "_runtime": 71.70493030548096, "_step": 5, "Best_Test_loss": 0.2177586555480957, "Best_Test_mae": 0.3555167615413666, "Best_Test_pcc": 0.9243952647846727, "Best_Epoch": 0, "Best_Val_loss": 0.334514319896698, "_wandb": {"runtime": 69}}