{"Train_loss": 0.24162261188030243, "Val_loss": 0.19262082874774933, "Train_mae": 0.3790936768054962, "Val_mae": 0.3489069640636444, "Train_pcc": 0.9196876038777505, "Val_pcc": 0.9345961950827023, "Epoch": 6, "_timestamp": 1749609277.2967708, "_runtime": 123.89930081367493, "_step": 8, "Best_Test_loss": 0.1793164759874344, "Best_Test_mae": 0.33846554160118103, "Best_Test_pcc": 0.9396384271538544, "Best_Epoch": 6, "Best_Val_loss": 0.19262082874774933, "_wandb": {"runtime": 122}}