{"Train_loss": 0.2530480623245239, "Val_loss": 0.21815550327301025, "Train_mae": 0.3863748610019684, "Val_mae": 0.36313772201538086, "Train_pcc": 0.9161008311056132, "Val_pcc": 0.929658683080362, "Epoch": 6, "_timestamp": 1749609790.3714418, "_runtime": 131.10812187194824, "_step": 8, "Best_Test_loss": 0.19489416480064392, "Best_Test_mae": 0.34664812684059143, "Best_Test_pcc": 0.9371403994039047, "Best_Epoch": 6, "Best_Val_loss": 0.21815550327301025, "_wandb": {"runtime": 129}}