{"Train_loss": 0.24078750610351562, "Val_loss": 0.18827995657920837, "Train_mae": 0.37878358364105225, "Val_mae": 0.343455970287323, "Train_pcc": 0.920151524696638, "Val_pcc": 0.9357106375933587, "Epoch": 3, "_timestamp": 1749623104.0866497, "_runtime": 68.45533871650696, "_step": 5, "Best_Test_loss": 0.17363624274730682, "Best_Test_mae": 0.33002597093582153, "Best_Test_pcc": 0.9415218512968775, "Best_Epoch": 0, "Best_Val_loss": 0.187303364276886, "_wandb": {"runtime": 67}}