{"Train_loss": 0.22876933217048645, "Val_loss": 0.3318823277950287, "Train_mae": 0.3592894673347473, "Val_mae": 0.44189292192459106, "Train_pcc": 0.9194738545096726, "Val_pcc": 0.9373226079066845, "Epoch": 6, "_timestamp": 1749644999.392099, "_runtime": 132.781662940979, "_step": 8, "Best_Test_loss": 0.2308533638715744, "Best_Test_mae": 0.3571493327617645, "Best_Test_pcc": 0.9202774290418767, "Best_Epoch": 6, "Best_Val_loss": 0.3318823277950287, "_wandb": {"runtime": 131}}