{"Train_loss": 0.21977892518043518, "Val_loss": 0.17426398396492004, "Train_mae": 0.37086379528045654, "Val_mae": 0.3338863253593445, "Train_pcc": 0.9265045805103669, "Val_pcc": 0.941244061604144, "Epoch": 3, "_timestamp": 1749647171.2303402, "_runtime": 72.81411027908325, "_step": 5, "Best_Test_loss": 0.3656613230705261, "Best_Test_mae": 0.4322619140148163, "Best_Test_pcc": 0.8852195218126319, "Best_Epoch": 0, "Best_Val_loss": 0.17425470054149628, "_wandb": {"runtime": 70}}