{"Train_loss": 0.22637447714805603, "Val_loss": 0.18508200347423553, "Train_mae": 0.3626555800437927, "Val_mae": 0.33558622002601624, "Train_pcc": 0.9242055056980011, "Val_pcc": 0.9383117546040896, "Epoch": 3, "_timestamp": 1749640312.9549785, "_runtime": 71.37859749794006, "_step": 5, "Best_Test_loss": 0.19975662231445312, "Best_Test_mae": 0.3544102907180786, "Best_Test_pcc": 0.9378913409305556, "Best_Epoch": 0, "Best_Val_loss": 0.1837373673915863, "_wandb": {"runtime": 70}}