{"Train_loss": 0.23707379400730133, "Val_loss": 0.1573122888803482, "Train_mae": 0.37319135665893555, "Val_mae": 0.3142307996749878, "Train_pcc": 0.923253502058849, "Val_pcc": 0.9424349241425714, "Epoch": 6, "_timestamp": 1749642054.806768, "_runtime": 131.26216983795166, "_step": 8, "Best_Test_loss": 0.2247466892004013, "Best_Test_mae": 0.3793169856071472, "Best_Test_pcc": 0.9183070128975679, "Best_Epoch": 5, "Best_Val_loss": 0.15731222927570343, "_wandb": {"runtime": 128}}