{"Train_loss": 1.2248176336288452, "Val_loss": 1.0932798385620117, "Train_mae": 0.8609937429428101, "Val_mae": 0.816394031047821, "Train_pcc": 0.6616668871394685, "Val_pcc": 0.6935148112894015, "Epoch": 6, "_timestamp": 1749622659.9413915, "_runtime": 127.6404595375061, "_step": 8, "Best_Test_loss": 1.1103373765945435, "Best_Test_mae": 0.8221094012260437, "Best_Test_pcc": 0.6843294099984949, "Best_Epoch": 6, "Best_Val_loss": 1.0932798385620117, "_wandb": {"runtime": 126}}