{"Train_loss": 0.24483929574489594, "Val_loss": 0.3364699184894562, "Train_mae": 0.3832963705062866, "Val_mae": 0.42708706855773926, "Train_pcc": 0.9189374507182022, "Val_pcc": 0.8920091627159625, "Epoch": 6, "_timestamp": 1749611419.5242727, "_runtime": 129.45620965957642, "_step": 8, "Best_Test_loss": 0.19105678796768188, "Best_Test_mae": 0.34085267782211304, "Best_Test_pcc": 0.9319657570654623, "Best_Epoch": 6, "Best_Val_loss": 0.3364699184894562, "_wandb": {"runtime": 127}}