{"Train_loss": 0.22502602636814117, "Val_loss": 0.1842917948961258, "Train_mae": 0.36659711599349976, "Val_mae": 0.3383578062057495, "Train_pcc": 0.9247678379955595, "Val_pcc": 0.9379642069320259, "Epoch": 6, "_timestamp": 1749640459.8689365, "_runtime": 130.53772354125977, "_step": 8, "Best_Test_loss": 0.19506438076496124, "Best_Test_mae": 0.3457465171813965, "Best_Test_pcc": 0.9380703236235748, "Best_Epoch": 6, "Best_Val_loss": 0.1842917948961258, "_wandb": {"runtime": 129}}