{"Train_loss": 0.24395321309566498, "Val_loss": 0.21219253540039062, "Train_mae": 0.3764195442199707, "Val_mae": 0.35796165466308594, "Train_pcc": 0.9189179945158411, "Val_pcc": 0.9309993779557932, "Epoch": 6, "_timestamp": 1749467050.8975286, "_runtime": 40.719061613082886, "_step": 8, "Best_Test_loss": 0.22755394876003265, "Best_Test_mae": 0.3698362112045288, "Best_Test_pcc": 0.9281862478940145, "Best_Epoch": 3, "Best_Val_loss": 0.20932209491729736, "_wandb": {"runtime": 39}}