{"Train_loss": 1.0466433763504028, "Val_loss": 1.3240004777908325, "Train_mae": 0.7915967702865601, "Val_mae": 0.9172007441520691, "Train_pcc": 0.64789586746962, "Val_pcc": 0.670825376270866, "Epoch": 6, "_timestamp": 1749605160.049148, "_runtime": 138.01758098602295, "_step": 8, "Best_Test_loss": 0.9340502619743347, "Best_Test_mae": 0.7409461736679077, "Best_Test_pcc": 0.6606117203498577, "Best_Epoch": 6, "Best_Val_loss": 1.3240004777908325, "_wandb": {"runtime": 136}}