{"Train_loss": 8.98094367980957, "Val_loss": 7.919380187988281, "Train_mae": 2.7643110752105713, "Val_mae": 2.609281063079834, "Train_pcc": 0.33150135483201804, "Val_pcc": 0.4413139610175683, "Epoch": 6, "_timestamp": 1749647440.547007, "_runtime": 132.13693118095398, "_step": 8, "Best_Test_loss": 8.893350601196289, "Best_Test_mae": 2.6643922328948975, "Best_Test_pcc": 0.4300045521574558, "Best_Epoch": 6, "Best_Val_loss": 7.919380187988281, "_wandb": {"runtime": 130}}