{"Train_loss": 0.21889401972293854, "Val_loss": 0.17769072949886322, "Train_mae": 0.36702075600624084, "Val_mae": 0.33362501859664917, "Train_pcc": 0.9269129067549712, "Val_pcc": 0.9413597636399236, "Epoch": 6, "_timestamp": 1749606831.2883596, "_runtime": 135.73155665397644, "_step": 8, "Best_Test_loss": 0.35058313608169556, "Best_Test_mae": 0.42228394746780396, "Best_Test_pcc": 0.8860911088109272, "Best_Epoch": 6, "Best_Val_loss": 0.17769072949886322, "_wandb": {"runtime": 133}}