{"Train_loss": 0.21041031181812286, "Val_loss": 0.20059143006801605, "Train_mae": 0.3528478443622589, "Val_mae": 0.3494594395160675, "Train_pcc": 0.926863966440839, "Val_pcc": 0.9268605231091299, "Epoch": 6, "_timestamp": 1749648587.7800374, "_runtime": 131.1625645160675, "_step": 8, "Best_Test_loss": 0.3084157705307007, "Best_Test_mae": 0.4315589368343353, "Best_Test_pcc": 0.9419796589019963, "Best_Epoch": 6, "Best_Val_loss": 0.20059143006801605, "_wandb": {"runtime": 129}}