{"Train_loss": 0.23243336379528046, "Val_loss": 0.19385823607444763, "Train_mae": 0.3693735897541046, "Val_mae": 0.3448972702026367, "Train_pcc": 0.9232069510697869, "Val_pcc": 0.9376558583663941, "Epoch": 4, "_timestamp": 1749642863.6249795, "_runtime": 89.98464345932007, "_step": 6, "Best_Test_loss": 0.23097845911979675, "Best_Test_mae": 0.37606555223464966, "Best_Test_pcc": 0.9186827111167577, "Best_Epoch": 1, "Best_Val_loss": 0.192214235663414, "_wandb": {"runtime": 88}}