{"Train_loss": 0.2487717717885971, "Val_loss": 0.18861284852027893, "Train_mae": 0.3830013573169708, "Val_mae": 0.3429013788700104, "Train_pcc": 0.917384770973692, "Val_pcc": 0.9354500498844753, "Epoch": 6, "_timestamp": 1749609139.63882, "_runtime": 126.95252704620361, "_step": 8, "Best_Test_loss": 0.17241546511650085, "Best_Test_mae": 0.328907310962677, "Best_Test_pcc": 0.9418082000218733, "Best_Epoch": 5, "Best_Val_loss": 0.18861281871795654, "_wandb": {"runtime": 125}}