{"Train_loss": 1.8971506357192993, "Val_loss": 1.7533516883850098, "Train_mae": 1.1112977266311646, "Val_mae": 1.0757273435592651, "Train_pcc": 0.5482351272213196, "Val_pcc": 0.584418309542917, "Epoch": 6, "_timestamp": 1749622519.0673254, "_runtime": 138.14482641220093, "_step": 8, "Best_Test_loss": 1.7735527753829956, "Best_Test_mae": 1.07853364944458, "Best_Test_pcc": 0.567793986082765, "Best_Epoch": 6, "Best_Val_loss": 1.7533516883850098, "_wandb": {"runtime": 135}}