{"Train_loss": 0.2487613409757614, "Val_loss": 0.23310261964797974, "Train_mae": 0.390220046043396, "Val_mae": 0.38372161984443665, "Train_pcc": 0.912102056973014, "Val_pcc": 0.9146692959886897, "Epoch": 6, "_timestamp": 1749621610.2727046, "_runtime": 136.19227862358093, "_step": 8, "Best_Test_loss": 0.38794848322868347, "Best_Test_mae": 0.49144071340560913, "Best_Test_pcc": 0.9291590966622356, "Best_Epoch": 6, "Best_Val_loss": 0.23310261964797974, "_wandb": {"runtime": 133}}