{"Train_loss": 0.8617435693740845, "Val_loss": 0.7375296950340271, "Train_mae": 0.7452846169471741, "Val_mae": 0.7075557708740234, "Train_pcc": 0.6862684216487924, "Val_pcc": 0.7106760851203163, "Epoch": 6, "_timestamp": 1749607543.3773286, "_runtime": 134.66665172576904, "_step": 8, "Best_Test_loss": 1.1119099855422974, "Best_Test_mae": 0.8640459179878235, "Best_Test_pcc": 0.7087183215461417, "Best_Epoch": 6, "Best_Val_loss": 0.7375296950340271, "_wandb": {"runtime": 133}}