{"Train_loss": 9.057234764099121, "Val_loss": 7.740102291107178, "Train_mae": 2.7264859676361084, "Val_mae": 2.5575079917907715, "Train_pcc": 0.18935686840368343, "Val_pcc": 0.30342228268572136, "Epoch": 6, "_timestamp": 1749600787.683121, "_runtime": 133.8687629699707, "_step": 8, "Best_Test_loss": 7.670175552368164, "Best_Test_mae": 2.534071445465088, "Best_Test_pcc": 0.2852565227279342, "Best_Epoch": 6, "Best_Val_loss": 7.740102291107178, "_wandb": {"runtime": 132}}