{"Train_loss": 9.461275100708008, "Val_loss": 8.913252830505371, "Train_mae": 2.8210222721099854, "Val_mae": 2.7271506786346436, "Train_pcc": 0.2793940814134843, "Val_pcc": 0.33807944613493224, "Epoch": 6, "_timestamp": 1749638112.226773, "_runtime": 129.02851009368896, "_step": 8, "Best_Test_loss": 8.155323028564453, "Best_Test_mae": 2.653813362121582, "Best_Test_pcc": 0.3937371372149743, "Best_Epoch": 6, "Best_Val_loss": 8.913252830505371, "_wandb": {"runtime": 127}}