{"Train_loss": 0.23940864205360413, "Val_loss": 0.15587684512138367, "Train_mae": 0.3697502613067627, "Val_mae": 0.304901659488678, "Train_pcc": 0.9222804366819349, "Val_pcc": 0.9417457112280094, "Epoch": 6, "_timestamp": 1749641767.2021737, "_runtime": 132.63496160507202, "_step": 8, "Best_Test_loss": 0.22580616176128387, "Best_Test_mae": 0.3723151981830597, "Best_Test_pcc": 0.9169687563587495, "Best_Epoch": 6, "Best_Val_loss": 0.15587684512138367, "_wandb": {"runtime": 130}}