{"Train_loss": 0.2448538839817047, "Val_loss": 0.23502057790756226, "Train_mae": 0.3772365152835846, "Val_mae": 0.36568766832351685, "Train_pcc": 0.9184305391073032, "Val_pcc": 0.9192322515901095, "Epoch": 6, "_timestamp": 1749643700.5395558, "_runtime": 132.09802675247192, "_step": 8, "Best_Test_loss": 0.19345130026340485, "Best_Test_mae": 0.3448542654514313, "Best_Test_pcc": 0.9363287234135443, "Best_Epoch": 6, "Best_Val_loss": 0.23502057790756226, "_wandb": {"runtime": 130}}