{"Train_loss": 0.2196134626865387, "Val_loss": 0.17171907424926758, "Train_mae": 0.365261048078537, "Val_mae": 0.32629284262657166, "Train_pcc": 0.926479509482696, "Val_pcc": 0.9422500446145057, "Epoch": 3, "_timestamp": 1749606541.490177, "_runtime": 71.71609091758728, "_step": 5, "Best_Test_loss": 0.3588496446609497, "Best_Test_mae": 0.42387890815734863, "Best_Test_pcc": 0.8860696401038247, "Best_Epoch": 0, "Best_Val_loss": 0.17015637457370758, "_wandb": {"runtime": 69}}