{"Train_loss": 0.2608124911785126, "Val_loss": 0.24928860366344452, "Train_mae": 0.39274775981903076, "Val_mae": 0.38818681240081787, "Train_pcc": 0.9139953103315459, "Val_pcc": 0.9209427604213359, "Epoch": 6, "_timestamp": 1749636137.1866932, "_runtime": 127.19832825660706, "_step": 8, "Best_Test_loss": 0.22663696110248566, "Best_Test_mae": 0.3692600429058075, "Best_Test_pcc": 0.9277714033405281, "Best_Epoch": 6, "Best_Val_loss": 0.24928860366344452, "_wandb": {"runtime": 124}}