{"Train_loss": 0.22418197989463806, "Val_loss": 0.18659788370132446, "Train_mae": 0.36294373869895935, "Val_mae": 0.33699068427085876, "Train_pcc": 0.924786511002409, "Val_pcc": 0.9384635918007354, "Epoch": 3, "_timestamp": 1749627438.3209133, "_runtime": 69.86338233947754, "_step": 5, "Best_Test_loss": 0.19311995804309845, "Best_Test_mae": 0.3360043168067932, "Best_Test_pcc": 0.938254582431653, "Best_Epoch": 0, "Best_Val_loss": 0.1848941147327423, "_wandb": {"runtime": 68}}