{"Train_loss": 0.23860789835453033, "Val_loss": 0.19327162206172943, "Train_mae": 0.3735283315181732, "Val_mae": 0.3435395658016205, "Train_pcc": 0.9210727295431359, "Val_pcc": 0.935373055286575, "Epoch": 5, "_timestamp": 1749595749.7561524, "_runtime": 128.57672238349915, "_step": 7, "Best_Test_loss": 0.17854264378547668, "Best_Test_mae": 0.3475742042064667, "Best_Test_pcc": 0.9399200415604481, "Best_Epoch": 2, "Best_Val_loss": 0.1877957284450531, "_wandb": {"runtime": 127}}