{"Train_loss": 0.9838880300521851, "Val_loss": 1.324968695640564, "Train_mae": 0.7850651144981384, "Val_mae": 0.9217475056648254, "Train_pcc": 0.6489295395110054, "Val_pcc": 0.6582094022267264, "Epoch": 6, "_timestamp": 1749618502.9472537, "_runtime": 133.76926064491272, "_step": 8, "Best_Test_loss": 0.9516069889068604, "Best_Test_mae": 0.7760936617851257, "Best_Test_pcc": 0.6748015573219401, "Best_Epoch": 6, "Best_Val_loss": 1.324968695640564, "_wandb": {"runtime": 131}}