{"Train_loss": 0.23907038569450378, "Val_loss": 0.15340957045555115, "Train_mae": 0.3700806498527527, "Val_mae": 0.3050478398799896, "Train_pcc": 0.9226729814314992, "Val_pcc": 0.943408638771984, "Epoch": 6, "_timestamp": 1749628886.4393332, "_runtime": 141.40312910079956, "_step": 8, "Best_Test_loss": 0.2245272547006607, "Best_Test_mae": 0.37366554141044617, "Best_Test_pcc": 0.9184183481365764, "Best_Epoch": 6, "Best_Val_loss": 0.15340957045555115, "_wandb": {"runtime": 139}}