{"Train_loss": 0.2139228731393814, "Val_loss": 0.1964811533689499, "Train_mae": 0.3567829728126526, "Val_mae": 0.34906667470932007, "Train_pcc": 0.9246043885254371, "Val_pcc": 0.9282371143370276, "Epoch": 6, "_timestamp": 1749647740.7474463, "_runtime": 132.88855528831482, "_step": 8, "Best_Test_loss": 0.33819523453712463, "Best_Test_mae": 0.4550352096557617, "Best_Test_pcc": 0.9392935589317535, "Best_Epoch": 6, "Best_Val_loss": 0.1964811533689499, "_wandb": {"runtime": 130}}