{"Train_loss": 11.159372329711914, "Val_loss": 10.770282745361328, "Train_mae": 3.0625860691070557, "Val_mae": 2.983001470565796, "Train_pcc": 0.09062737554391807, "Val_pcc": 0.07367681188671503, "Epoch": 6, "_timestamp": 1749598129.5406692, "_runtime": 135.6185963153839, "_step": 8, "Best_Test_loss": 10.02104377746582, "Best_Test_mae": 2.919602632522583, "Best_Test_pcc": 0.08796458514704403, "Best_Epoch": 6, "Best_Val_loss": 10.770282745361328, "_wandb": {"runtime": 134}}