{"Train_loss": 0.23783202469348907, "Val_loss": 0.22489802539348602, "Train_mae": 0.37083756923675537, "Val_mae": 0.3575178384780884, "Train_pcc": 0.9210352664159429, "Val_pcc": 0.9224860410476294, "Epoch": 6, "_timestamp": 1749630569.828904, "_runtime": 130.0317268371582, "_step": 8, "Best_Test_loss": 0.18475241959095, "Best_Test_mae": 0.3348856270313263, "Best_Test_pcc": 0.9386628654280769, "Best_Epoch": 3, "Best_Val_loss": 0.2247735857963562, "_wandb": {"runtime": 128}}