{"Train_loss": 1.106927752494812, "Val_loss": 1.377851963043213, "Train_mae": 0.8166800141334534, "Val_mae": 0.9356048703193665, "Train_pcc": 0.6316037745231253, "Val_pcc": 0.6566189424314997, "Epoch": 6, "_timestamp": 1749605009.204865, "_runtime": 133.68028092384338, "_step": 8, "Best_Test_loss": 0.9771285653114319, "Best_Test_mae": 0.7569935321807861, "Best_Test_pcc": 0.6469901067167938, "Best_Epoch": 6, "Best_Val_loss": 1.377851963043213, "_wandb": {"runtime": 131}}