{"Train_loss": 0.2413266897201538, "Val_loss": 0.1546589881181717, "Train_mae": 0.3675992488861084, "Val_mae": 0.3023298680782318, "Train_pcc": 0.9216171041871791, "Val_pcc": 0.9420807711615254, "Epoch": 6, "_timestamp": 1749601954.1554263, "_runtime": 131.37952828407288, "_step": 8, "Best_Test_loss": 0.22412633895874023, "Best_Test_mae": 0.36946749687194824, "Best_Test_pcc": 0.9173951185371294, "Best_Epoch": 6, "Best_Val_loss": 0.1546589881181717, "_wandb": {"runtime": 130}}