{"Train_loss": 0.23064516484737396, "Val_loss": 0.20752905309200287, "Train_mae": 0.3737971782684326, "Val_mae": 0.3563629388809204, "Train_pcc": 0.9234899985330653, "Val_pcc": 0.9326351466461152, "Epoch": 6, "_timestamp": 1749467287.9541998, "_runtime": 40.685086727142334, "_step": 8, "Best_Test_loss": 0.2240247130393982, "Best_Test_mae": 0.37126266956329346, "Best_Test_pcc": 0.9307594908459784, "Best_Epoch": 3, "Best_Val_loss": 0.20489171147346497, "_wandb": {"runtime": 38}}