{"Train_loss": 0.2331966757774353, "Val_loss": 0.19711104035377502, "Train_mae": 0.3682635724544525, "Val_mae": 0.3464967608451843, "Train_pcc": 0.9228918694485209, "Val_pcc": 0.9382457915091006, "Epoch": 3, "_timestamp": 1749642753.163483, "_runtime": 71.88268780708313, "_step": 5, "Best_Test_loss": 0.22165146470069885, "Best_Test_mae": 0.36915498971939087, "Best_Test_pcc": 0.9193818609578592, "Best_Epoch": 0, "Best_Val_loss": 0.1931574046611786, "_wandb": {"runtime": 70}}