{"Train_loss": 0.24596171081066132, "Val_loss": 0.21877612173557281, "Train_mae": 0.38379091024398804, "Val_mae": 0.36825475096702576, "Train_pcc": 0.91844856381089, "Val_pcc": 0.9287433103798163, "Epoch": 6, "_timestamp": 1749636422.1202626, "_runtime": 127.9163465499878, "_step": 8, "Best_Test_loss": 0.19903162121772766, "Best_Test_mae": 0.351569801568985, "Best_Test_pcc": 0.9352545998423953, "Best_Epoch": 6, "Best_Val_loss": 0.21877612173557281, "_wandb": {"runtime": 125}}