{"Train_loss": 0.23540222644805908, "Val_loss": 0.2260749489068985, "Train_mae": 0.3731813132762909, "Val_mae": 0.36383429169654846, "Train_pcc": 0.921638912867547, "Val_pcc": 0.9222462410800092, "Epoch": 6, "_timestamp": 1749618204.7279086, "_runtime": 128.3460555076599, "_step": 8, "Best_Test_loss": 0.18438377976417542, "Best_Test_mae": 0.3397572636604309, "Best_Test_pcc": 0.9386789076519877, "Best_Epoch": 4, "Best_Val_loss": 0.22607487440109253, "_wandb": {"runtime": 125}}