{"Train_loss": 0.23165620863437653, "Val_loss": 0.1995222121477127, "Train_mae": 0.3654112219810486, "Val_mae": 0.3457823097705841, "Train_pcc": 0.9234152831258007, "Val_pcc": 0.9370214823501273, "Epoch": 6, "_timestamp": 1749602341.4674635, "_runtime": 130.78926944732666, "_step": 8, "Best_Test_loss": 0.2184983789920807, "Best_Test_mae": 0.3650720417499542, "Best_Test_pcc": 0.9194234497224397, "Best_Epoch": 6, "Best_Val_loss": 0.1995222121477127, "_wandb": {"runtime": 128}}