{"Train_loss": 0.23376144468784332, "Val_loss": 0.198586106300354, "Train_mae": 0.36679014563560486, "Val_mae": 0.3436383306980133, "Train_pcc": 0.9226462434399948, "Val_pcc": 0.9366494377220448, "Epoch": 6, "_timestamp": 1749643152.413397, "_runtime": 129.58021998405457, "_step": 8, "Best_Test_loss": 0.22238706052303314, "Best_Test_mae": 0.3665148913860321, "Best_Test_pcc": 0.9180812251932111, "Best_Epoch": 6, "Best_Val_loss": 0.198586106300354, "_wandb": {"runtime": 128}}