{"Train_loss": 0.21572507917881012, "Val_loss": 0.30889689922332764, "Train_mae": 0.3606494665145874, "Val_mae": 0.40887418389320374, "Train_pcc": 0.9288341239852762, "Val_pcc": 0.9010914359789062, "Epoch": 6, "_timestamp": 1749599282.9556255, "_runtime": 130.96292161941528, "_step": 8, "Best_Test_loss": 0.16089530289173126, "Best_Test_mae": 0.31460604071617126, "Best_Test_pcc": 0.9414896553877312, "Best_Epoch": 6, "Best_Val_loss": 0.30889689922332764, "_wandb": {"runtime": 129}}