{"Train_loss": 0.23772811889648438, "Val_loss": 0.2238185703754425, "Train_mae": 0.3779943585395813, "Val_mae": 0.36590179800987244, "Train_pcc": 0.9210531684035238, "Val_pcc": 0.9226312972583437, "Epoch": 4, "_timestamp": 1749630797.73712, "_runtime": 91.41050601005554, "_step": 6, "Best_Test_loss": 0.18415221571922302, "Best_Test_mae": 0.3429085910320282, "Best_Test_pcc": 0.9382760983834622, "Best_Epoch": 1, "Best_Val_loss": 0.22299398481845856, "_wandb": {"runtime": 89}}