{"Train_loss": 0.23291000723838806, "Val_loss": 0.19595451653003693, "Train_mae": 0.3675391972064972, "Val_mae": 0.34370341897010803, "Train_pcc": 0.9229273515480183, "Val_pcc": 0.9383374544663459, "Epoch": 6, "_timestamp": 1749642576.4373436, "_runtime": 128.5486786365509, "_step": 8, "Best_Test_loss": 0.21810676157474518, "Best_Test_mae": 0.3668243885040283, "Best_Test_pcc": 0.9197964138226046, "Best_Epoch": 6, "Best_Val_loss": 0.19595451653003693, "_wandb": {"runtime": 126}}